<step title="Incoming Request" date="2025-07-27T23:18:11.930" instance="f541a8" url="/api/publish?type=zip" method="POST" type="request" pid="820,1,28" Accept="*/*" Host="ks-personal-website-api.scm.azurewebsites.net" User-Agent="AZURECLI/2.75.0 (DEB)" Accept-Encoding="gzip, deflate" Authorization="Bas..." Cache-Control="no-cache" Content-Type="application/octet-stream" Cookie="ARRAffinity=f541a874a03aa9dbd8940f27a6d98bde56b7160334e1e6f986817b427dfbd82d; ARRAffinitySameSite=f541a874a03aa9dbd8940f27a6d98bde56b7160334e1e6f986817b427dfbd82d" Content-Length="50600" x-ms-client-request-id="f24d410a-6b3f-11f0-a590-141333c3d749" x-ms-artifact-checksum="6c2dd53423c0e2570fba5c49a57c9efe5f28fc486d48079523f28020db1e72c8" X-ARR-LOG-ID="f24d410a-6b3f-11f0-a590-141333c3d749" CLIENT-IP="70.15.64.115:46748" X-SITE-DEPLOYMENT-ID="ks-personal-website-api" WAS-DEFAULT-HOSTNAME="ks-personal-website-api.scm.azurewebsites.net" X-Forwarded-Proto="https" X-AppService-Proto="https" X-Forwarded-TlsVersion="1.3" X-WAWS-Unencoded-URL="/api/publish?type=zip" X-Client-IP="70.15.64.115" X-Client-Port="46748" >
  <step title="OneDeploy" date="2025-07-27T23:18:11.957" >
    <step title="Starting PushDeployAsync" date="2025-07-27T23:18:11.970" /><!-- duration: 2ms -->
    <step title="Writing artifact to /tmp/zipdeploy/d30e3d64-1815-4697-8fa5-12e0d45ddff4.zip" date="2025-07-27T23:18:11.988" >
      <step title="Writing multipart request body to /tmp/zipdeploy/d30e3d64-1815-4697-8fa5-12e0d45ddff4.zip" date="2025-07-27T23:18:11.990" /><!-- duration: 8ms -->
    </step><!-- duration: 104ms -->
    <step title="Attempting to fetch target branch HEAD" date="2025-07-27T23:18:12.098" /><!-- duration: 2ms -->
    <step title="Acquiring Deployment Lock" date="2025-07-27T23:18:12.109" /><!-- duration: 2ms -->
    <step title="Acquired Deployment Lock" date="2025-07-27T23:18:12.144" /><!-- duration: 2ms -->
    <step title="Performing fetch based deployment" date="2025-07-27T23:18:12.192" >
      <step title="Creating temporary deployment" date="2025-07-27T23:18:12.201" /><!-- duration: 84ms -->
      <step title="Releasing Deployment Lock" date="2025-07-27T23:18:13.467" /><!-- duration: 7ms -->
      <step title="Cleaning up temp folders from previous zip deployments and extracting pushed zip file /tmp/zipdeploy/d30e3d64-1815-4697-8fa5-12e0d45ddff4.zip (0.05 MB) to /tmp/zipdeploy/extracted" date="2025-07-27T23:18:13.495" >
        <step title="ChmodRecursive Process exited with total time taken in ms: 30" date="2025-07-27T23:18:13.586" /><!-- duration: 2ms -->
      </step><!-- duration: 95ms -->
      <step title="None repository commit" date="2025-07-27T23:18:13.596" >
        <step title="Commit id: bade866b-ea50-43b7-aace-2ad69074c14a" date="2025-07-27T23:18:13.598" Message="OneDeploy" AuthorName="N/A" AuthorEmail="N/A" /><!-- duration: 9ms -->
      </step><!-- duration: 12ms -->
      <step title="Deployment timer started" date="2025-07-27T23:18:15.611" >
        <step title="DeploymentManager.Deploy(id:bade866b-ea50-43b7-aace-2ad69074c14a)" date="2025-07-27T23:18:15.630" >
          <step title="Collecting changeset information" date="2025-07-27T23:18:15.682" /><!-- duration: 95ms -->
          <step title="Updating submodules" date="2025-07-27T23:18:15.780" /><!-- duration: 1098ms -->
          <step title="Determining deployment builder" date="2025-07-27T23:18:17.050" >
            <step title="Builder is OneDeployBuilder" date="2025-07-27T23:18:17.055" /><!-- duration: 2ms -->
          </step><!-- duration: 9ms -->
          <step title="PreDeployment: context.CleanOutputPath False" date="2025-07-27T23:18:17.094" >
            <step title="PreDeployment: context.OutputPath /home/site/wwwroot" date="2025-07-27T23:18:17.230" >
              <step title="Building" date="2025-07-27T23:18:17.325" >
                <step title="Executing external process" date="2025-07-27T23:18:17.844" type="process" path="starter.sh" arguments="/opt/Kudu/Scripts/parallel_rsync.sh /tmp/zipdeploy/extracted /home/site/wwwroot 8 /tmp/ False False  " /><!-- duration: 3486ms -->
                <step title="Modified file to trigger a restart of the app container." date="2025-07-27T23:18:21.691" /><!-- duration: 2ms -->
                <step title="Skip function trigger and logicapp sync because function is not enabled." date="2025-07-27T23:18:21.700" /><!-- duration: 2ms -->
              </step><!-- duration: 5177ms -->
            </step><!-- duration: 5294ms -->
            <step title="Cleaning up temp files" date="2025-07-27T23:18:22.542" /><!-- duration: 10ms -->
            <step title="Cleaning up temp files" date="2025-07-27T23:18:22.554" /><!-- duration: 521ms -->
            <step title="Reloading status file with latest updates" date="2025-07-27T23:18:23.107" >
              <step title="WebHooksManager.PublishEventAsync: PostDeployment" date="2025-07-27T23:18:23.124" /><!-- duration: 16ms -->
            </step><!-- duration: 35ms -->
            <step title="Cleaning up temporary deployment - fetch deployment was successful" date="2025-07-27T23:18:23.148" /><!-- duration: 10ms -->
          </step><!-- duration: 6164ms -->
        </step><!-- duration: 7637ms -->
        <step title="Outgoing response" date="2025-07-27T23:18:23.270" type="response" statusCode="200" statusText="OK" /><!-- duration: 19ms -->
      </step><!-- duration: 7679ms -->
