﻿<?xml version="1.0" encoding="utf-8"?>
<deployment>
  <id>32bb61a5-21b9-4c1d-9185-27333e78d8fd</id>
  <author>N/A</author>
  <deployer>OneDeploy</deployer>
  <authorEmail>N/A</authorEmail>
  <message>OneDeploy</message>
  <progress></progress>
  <status>Success</status>
  <statusText></statusText>
  <lastSuccessEndTime>2025-07-28T11:21:38.1578362Z</lastSuccessEndTime>
  <receivedTime>2025-07-28T11:21:32.2140453Z</receivedTime>
  <startTime>2025-07-28T11:21:33.5746556Z</startTime>
  <endTime>2025-07-28T11:21:38.1578362Z</endTime>
  <complete>True</complete>
  <is_temp>False</is_temp>
  <is_readonly>True</is_readonly>
  <buildSummary />
</deployment>