﻿<?xml version="1.0" encoding="utf-8"?>
<deployment>
  <id>7c378768-a5eb-4b39-9971-1b1df4c72eff</id>
  <author>N/A</author>
  <deployer>OneDeploy</deployer>
  <authorEmail>N/A</authorEmail>
  <message>OneDeploy</message>
  <progress></progress>
  <status>Success</status>
  <statusText></statusText>
  <lastSuccessEndTime>2025-07-27T21:53:53.7352624Z</lastSuccessEndTime>
  <receivedTime>2025-07-27T21:53:45.1824716Z</receivedTime>
  <startTime>2025-07-27T21:53:46.851774Z</startTime>
  <endTime>2025-07-27T21:53:53.7352624Z</endTime>
  <complete>True</complete>
  <is_temp>False</is_temp>
  <is_readonly>True</is_readonly>
  <buildSummary />
</deployment>