﻿<?xml version="1.0" encoding="utf-8"?>
<deployment>
  <id>5c88904e-c75a-4584-a416-10d2de28ed02</id>
  <author>N/A</author>
  <deployer>OneDeploy</deployer>
  <authorEmail>N/A</authorEmail>
  <message>OneDeploy</message>
  <progress></progress>
  <status>Success</status>
  <statusText></statusText>
  <lastSuccessEndTime>2025-07-27T22:56:10.6223929Z</lastSuccessEndTime>
  <receivedTime>2025-07-27T22:55:50.9076261Z</receivedTime>
  <startTime>2025-07-27T22:55:53.3281697Z</startTime>
  <endTime>2025-07-27T22:56:10.6223929Z</endTime>
  <complete>True</complete>
  <is_temp>False</is_temp>
  <is_readonly>True</is_readonly>
  <buildSummary />
</deployment>