﻿<?xml version="1.0" encoding="utf-8"?>
<deployment>
  <id>f5630fe0-32b6-4ca9-a1af-a34e6d42c013</id>
  <author>N/A</author>
  <deployer>Push-Deployer</deployer>
  <authorEmail>N/A</authorEmail>
  <message>Created via a push deployment</message>
  <progress></progress>
  <status>Success</status>
  <statusText></statusText>
  <lastSuccessEndTime>2025-07-28T10:55:51.0777675Z</lastSuccessEndTime>
  <receivedTime>2025-07-28T10:55:44.1566092Z</receivedTime>
  <startTime>2025-07-28T10:55:45.5090355Z</startTime>
  <endTime>2025-07-28T10:55:51.0777675Z</endTime>
  <complete>True</complete>
  <is_temp>False</is_temp>
  <is_readonly>True</is_readonly>
  <buildSummary />
</deployment>