﻿<?xml version="1.0" encoding="utf-8"?>
<deployment>
  <id>5f6a0a2a-db19-4c47-8b77-f66e776e6257</id>
  <author>N/A</author>
  <deployer>Push-Deployer</deployer>
  <authorEmail>N/A</authorEmail>
  <message>Created via a push deployment</message>
  <progress></progress>
  <status>Success</status>
  <statusText></statusText>
  <lastSuccessEndTime>2025-07-28T11:44:08.6809195Z</lastSuccessEndTime>
  <receivedTime>2025-07-28T11:44:00.8220059Z</receivedTime>
  <startTime>2025-07-28T11:44:02.3637645Z</startTime>
  <endTime>2025-07-28T11:44:08.6809195Z</endTime>
  <complete>True</complete>
  <is_temp>False</is_temp>
  <is_readonly>True</is_readonly>
  <buildSummary />
</deployment>