﻿<?xml version="1.0" encoding="utf-8"?>
<deployment>
  <id>c637c470-2c1e-4a8d-bd35-ab6689c46762</id>
  <author>N/A</author>
  <deployer>OneDeploy</deployer>
  <authorEmail>N/A</authorEmail>
  <message>OneDeploy</message>
  <progress></progress>
  <status>Success</status>
  <statusText></statusText>
  <lastSuccessEndTime>2025-07-28T11:30:49.9152736Z</lastSuccessEndTime>
  <receivedTime>2025-07-28T11:30:43.9734071Z</receivedTime>
  <startTime>2025-07-28T11:30:45.3354095Z</startTime>
  <endTime>2025-07-28T11:30:49.9152736Z</endTime>
  <complete>True</complete>
  <is_temp>False</is_temp>
  <is_readonly>True</is_readonly>
  <buildSummary />
</deployment>