﻿<?xml version="1.0" encoding="utf-8"?>
<deployment>
  <id>e454ba55-f3dc-4e9b-8ea3-b6a0b602b1ca</id>
  <author>N/A</author>
  <deployer>OneDeploy</deployer>
  <authorEmail>N/A</authorEmail>
  <message>OneDeploy</message>
  <progress></progress>
  <status>Success</status>
  <statusText></statusText>
  <lastSuccessEndTime>2025-07-28T11:27:53.0625645Z</lastSuccessEndTime>
  <receivedTime>2025-07-28T11:27:47.0692202Z</receivedTime>
  <startTime>2025-07-28T11:27:48.4475387Z</startTime>
  <endTime>2025-07-28T11:27:53.0625645Z</endTime>
  <complete>True</complete>
  <is_temp>False</is_temp>
  <is_readonly>True</is_readonly>
  <buildSummary />
</deployment>