﻿<?xml version="1.0" encoding="utf-8"?>
<deployment>
  <id>3db07e8e-3c65-47de-a434-82e2c3e7cc8c</id>
  <author>N/A</author>
  <deployer>OneDeploy</deployer>
  <authorEmail>N/A</authorEmail>
  <message>OneDeploy</message>
  <progress></progress>
  <status>Success</status>
  <statusText></statusText>
  <lastSuccessEndTime>2025-07-28T11:04:47.7829859Z</lastSuccessEndTime>
  <receivedTime>2025-07-28T11:04:41.632858Z</receivedTime>
  <startTime>2025-07-28T11:04:42.9424878Z</startTime>
  <endTime>2025-07-28T11:04:47.7829859Z</endTime>
  <complete>True</complete>
  <is_temp>False</is_temp>
  <is_readonly>True</is_readonly>
  <buildSummary />
</deployment>