<step title="Incoming Request" date="2025-07-27T22:36:52.444" instance="f541a8" url="/api/publish?type=zip" method="POST" type="request" pid="821,1,29" Accept="*/*" Host="ks-personal-website-api.scm.azurewebsites.net" User-Agent="AZURECLI/2.75.0 (DEB)" Accept-Encoding="gzip, deflate" Authorization="Bas..." Cache-Control="no-cache" Content-Type="application/octet-stream" Cookie="ARRAffinity=f541a874a03aa9dbd8940f27a6d98bde56b7160334e1e6f986817b427dfbd82d; ARRAffinitySameSite=f541a874a03aa9dbd8940f27a6d98bde56b7160334e1e6f986817b427dfbd82d" Content-Length="50600" x-ms-client-request-id="2c5fbb9e-6b3a-11f0-a590-141333c3d749" x-ms-artifact-checksum="f38d50e9fb21e108134bafdba6db31807a4afa245c8198a5e62315486e140a23" X-ARR-LOG-ID="2c5fbb9e-6b3a-11f0-a590-141333c3d749" CLIENT-IP="70.15.64.115:36604" X-SITE-DEPLOYMENT-ID="ks-personal-website-api" WAS-DEFAULT-HOSTNAME="ks-personal-website-api.scm.azurewebsites.net" X-Forwarded-Proto="https" X-AppService-Proto="https" X-Forwarded-TlsVersion="1.3" X-WAWS-Unencoded-URL="/api/publish?type=zip" X-Client-IP="70.15.64.115" X-Client-Port="36604" >
  <step title="OneDeploy" date="2025-07-27T22:36:52.488" >
    <step title="Starting PushDeployAsync" date="2025-07-27T22:36:52.495" /><!-- duration: 2ms -->
    <step title="Writing artifact to /tmp/zipdeploy/39fe89e2-65cf-4cd0-86f9-7fafae61c242.zip" date="2025-07-27T22:36:52.508" >
      <step title="Writing multipart request body to /tmp/zipdeploy/39fe89e2-65cf-4cd0-86f9-7fafae61c242.zip" date="2025-07-27T22:36:52.511" /><!-- duration: 6ms -->
    </step><!-- duration: 134ms -->
    <step title="Attempting to fetch target branch HEAD" date="2025-07-27T22:36:52.649" /><!-- duration: 2ms -->
    <step title="Acquiring Deployment Lock" date="2025-07-27T22:36:52.658" /><!-- duration: 2ms -->
    <step title="Acquired Deployment Lock" date="2025-07-27T22:36:52.681" /><!-- duration: 2ms -->
    <step title="Performing fetch based deployment" date="2025-07-27T22:36:52.686" >
      <step title="Creating temporary deployment" date="2025-07-27T22:36:52.699" /><!-- duration: 74ms -->
      <step title="Releasing Deployment Lock" date="2025-07-27T22:36:53.946" /><!-- duration: 4ms -->
      <step title="Cleaning up temp folders from previous zip deployments and extracting pushed zip file /tmp/zipdeploy/39fe89e2-65cf-4cd0-86f9-7fafae61c242.zip (0.05 MB) to /tmp/zipdeploy/extracted" date="2025-07-27T22:36:53.974" >
        <step title="ChmodRecursive Process exited with total time taken in ms: 31" date="2025-07-27T22:36:54.075" /><!-- duration: 9ms -->
      </step><!-- duration: 113ms -->
      <step title="None repository commit" date="2025-07-27T22:36:54.094" >
        <step title="Commit id: 79eb496b-9ee9-45f7-a526-ac8043047ec1" date="2025-07-27T22:36:54.095" Message="OneDeploy" AuthorName="N/A" AuthorEmail="N/A" /><!-- duration: 9ms -->
      </step><!-- duration: 13ms -->
      <step title="Deployment timer started" date="2025-07-27T22:36:56.120" >
        <step title="DeploymentManager.Deploy(id:79eb496b-9ee9-45f7-a526-ac8043047ec1)" date="2025-07-27T22:36:56.132" >
          <step title="Collecting changeset information" date="2025-07-27T22:36:56.191" /><!-- duration: 118ms -->
          <step title="Updating submodules" date="2025-07-27T22:36:56.313" /><!-- duration: 1155ms -->
          <step title="Determining deployment builder" date="2025-07-27T22:36:57.847" >
            <step title="Builder is OneDeployBuilder" date="2025-07-27T22:36:57.857" /><!-- duration: 1ms -->
          </step><!-- duration: 14ms -->
          <step title="PreDeployment: context.CleanOutputPath False" date="2025-07-27T22:36:57.907" >
            <step title="PreDeployment: context.OutputPath /home/site/wwwroot" date="2025-07-27T22:36:57.994" >
              <step title="Building" date="2025-07-27T22:36:58.100" >
                <step title="Executing external process" date="2025-07-27T22:36:58.460" type="process" path="starter.sh" arguments="/opt/Kudu/Scripts/parallel_rsync.sh /tmp/zipdeploy/extracted /home/site/wwwroot 8 /tmp/ False False  " /><!-- duration: 4801ms -->
                <step title="Modified file to trigger a restart of the app container." date="2025-07-27T22:37:03.585" /><!-- duration: 2ms -->
                <step title="Skip function trigger and logicapp sync because function is not enabled." date="2025-07-27T22:37:03.590" /><!-- duration: 2ms -->
              </step><!-- duration: 6115ms -->
            </step><!-- duration: 6224ms -->
            <step title="Cleaning up temp files" date="2025-07-27T22:37:04.219" /><!-- duration: 5ms -->
            <step title="Cleaning up temp files" date="2025-07-27T22:37:04.226" /><!-- duration: 503ms -->
            <step title="Reloading status file with latest updates" date="2025-07-27T22:37:04.759" >
              <step title="WebHooksManager.PublishEventAsync: PostDeployment" date="2025-07-27T22:37:04.761" /><!-- duration: 47ms -->
            </step><!-- duration: 58ms -->
            <step title="Cleaning up temporary deployment - fetch deployment was successful" date="2025-07-27T22:37:04.827" /><!-- duration: 9ms -->
          </step><!-- duration: 7022ms -->
        </step><!-- duration: 8799ms -->
        <step title="Outgoing response" date="2025-07-27T22:37:04.936" type="response" statusCode="200" statusText="OK" /><!-- duration: 2ms -->
      </step><!-- duration: 8820ms -->
