<step title="Incoming Request" date="2025-07-28T11:30:40.310" instance="f541a8" url="/api/publish?type=zip" method="POST" type="request" pid="820,1,18" Accept="*/*" Host="ks-personal-website-api.scm.azurewebsites.net" User-Agent="AZURECLI/2.75.0 (DEB)" Accept-Encoding="gzip, deflate" Authorization="Bas..." Cache-Control="no-cache" Content-Type="application/octet-stream" Cookie="ARRAffinity=f541a874a03aa9dbd8940f27a6d98bde56b7160334e1e6f986817b427dfbd82d; ARRAffinitySameSite=f541a874a03aa9dbd8940f27a6d98bde56b7160334e1e6f986817b427dfbd82d" Content-Length="209835" x-ms-client-request-id="44ec1c04-6ba6-11f0-a590-141333c3d749" x-ms-artifact-checksum="daad2530befe4ff6cf75700b75a7ca678861353e305c41a77d0aff090031336a" X-ARR-LOG-ID="44ec1c04-6ba6-11f0-a590-141333c3d749" CLIENT-IP="70.15.64.115:57308" X-SITE-DEPLOYMENT-ID="ks-personal-website-api" WAS-DEFAULT-HOSTNAME="ks-personal-website-api.scm.azurewebsites.net" X-Forwarded-Proto="https" X-AppService-Proto="https" X-Forwarded-TlsVersion="1.3" X-WAWS-Unencoded-URL="/api/publish?type=zip" X-Client-IP="70.15.64.115" X-Client-Port="57308" >
  <step title="OneDeploy" date="2025-07-28T11:30:40.317" >
    <step title="Starting PushDeployAsync" date="2025-07-28T11:30:40.328" /><!-- duration: 8ms -->
    <step title="Writing artifact to /tmp/zipdeploy/faf1648b-0991-42cd-b5be-ad9f2a0a9154.zip" date="2025-07-28T11:30:40.348" >
      <step title="Writing multipart request body to /tmp/zipdeploy/faf1648b-0991-42cd-b5be-ad9f2a0a9154.zip" date="2025-07-28T11:30:40.360" /><!-- duration: 2ms -->
    </step><!-- duration: 131ms -->
    <step title="Attempting to fetch target branch HEAD" date="2025-07-28T11:30:40.493" /><!-- duration: 7ms -->
    <step title="Acquiring Deployment Lock" date="2025-07-28T11:30:40.509" /><!-- duration: 2ms -->
    <step title="Acquired Deployment Lock" date="2025-07-28T11:30:40.542" /><!-- duration: 2ms -->
    <step title="Performing fetch based deployment" date="2025-07-28T11:30:40.550" >
      <step title="Creating temporary deployment" date="2025-07-28T11:30:40.552" /><!-- duration: 54ms -->
      <step title="Releasing Deployment Lock" date="2025-07-28T11:30:41.701" /><!-- duration: 2ms -->
      <step title="Cleaning up temp folders from previous zip deployments and extracting pushed zip file /tmp/zipdeploy/faf1648b-0991-42cd-b5be-ad9f2a0a9154.zip (0.20 MB) to /tmp/zipdeploy/extracted" date="2025-07-28T11:30:41.730" >
        <step title="ChmodRecursive Process exited with total time taken in ms: 90" date="2025-07-28T11:30:41.860" /><!-- duration: 2ms -->
      </step><!-- duration: 140ms -->
      <step title="None repository commit" date="2025-07-28T11:30:41.872" >
        <step title="Commit id: c637c470-2c1e-4a8d-bd35-ab6689c46762" date="2025-07-28T11:30:41.882" Message="OneDeploy" AuthorName="N/A" AuthorEmail="N/A" /><!-- duration: 2ms -->
      </step><!-- duration: 13ms -->
      <step title="Deployment timer started" date="2025-07-28T11:30:43.888" >
        <step title="DeploymentManager.Deploy(id:c637c470-2c1e-4a8d-bd35-ab6689c46762)" date="2025-07-28T11:30:43.892" >
          <step title="Collecting changeset information" date="2025-07-28T11:30:43.923" /><!-- duration: 122ms -->
          <step title="Updating submodules" date="2025-07-28T11:30:44.066" /><!-- duration: 1130ms -->
          <step title="Determining deployment builder" date="2025-07-28T11:30:45.406" >
            <step title="Builder is OneDeployBuilder" date="2025-07-28T11:30:45.429" /><!-- duration: 7ms -->
          </step><!-- duration: 32ms -->
          <step title="PreDeployment: context.CleanOutputPath False" date="2025-07-28T11:30:45.475" >
            <step title="PreDeployment: context.OutputPath /home/site/wwwroot" date="2025-07-28T11:30:45.581" >
              <step title="Building" date="2025-07-28T11:30:45.693" >
                <step title="Executing external process" date="2025-07-28T11:30:46.073" type="process" path="starter.sh" arguments="/opt/Kudu/Scripts/parallel_rsync.sh /tmp/zipdeploy/extracted /home/site/wwwroot 8 /tmp/ False False  " /><!-- duration: 3064ms -->
                <step title="Modified file to trigger a restart of the app container." date="2025-07-28T11:30:49.568" /><!-- duration: 2ms -->
                <step title="Skip function trigger and logicapp sync because function is not enabled." date="2025-07-28T11:30:49.573" /><!-- duration: 2ms -->
                <step title="Purge deployment items" date="2025-07-28T11:30:50.487" >
                  <step title="Remove 68bcdb73-, Success, received at 07/27/2025 23:07:48" date="2025-07-28T11:30:50.529" /><!-- duration: 2ms -->
                </step><!-- duration: 46ms -->
              </step><!-- duration: 4914ms -->
            </step><!-- duration: 5028ms -->
            <step title="Cleaning up temp files" date="2025-07-28T11:30:50.610" /><!-- duration: 8ms -->
            <step title="Cleaning up temp files" date="2025-07-28T11:30:50.622" /><!-- duration: 503ms -->
            <step title="Reloading status file with latest updates" date="2025-07-28T11:30:51.158" >
              <step title="WebHooksManager.PublishEventAsync: PostDeployment" date="2025-07-28T11:30:51.167" /><!-- duration: 24ms -->
            </step><!-- duration: 34ms -->
            <step title="Cleaning up temporary deployment - fetch deployment was successful" date="2025-07-28T11:30:51.196" /><!-- duration: 2ms -->
          </step><!-- duration: 5808ms -->
        </step><!-- duration: 7394ms -->
        <step title="Outgoing response" date="2025-07-28T11:30:51.288" type="response" statusCode="200" statusText="OK" /><!-- duration: 2ms -->
      </step><!-- duration: 7404ms -->
