<step title="BackgroundTrace" date="2025-07-28T11:38:03.471" instance="f541a8" url="/api/zipdeploy" method="POST" >
  <step title="Creating temporary deployment - FetchDeploymentManager" date="2025-07-28T11:38:03.557" /><!-- duration: 2ms -->
  <step title="Creating temporary deployment" date="2025-07-28T11:38:03.562" /><!-- duration: 41ms -->
  <step title="Performing fetch based deployment" date="2025-07-28T11:38:03.638" >
    <step title="Cleaning up temp folders from previous zip deployments and extracting pushed zip file /tmp/zipdeploy/92e301f8-4886-4dc1-93ce-4b8880c7ca85.zip (0.20 MB) to /tmp/zipdeploy/extracted" date="2025-07-28T11:38:04.756" >
      <step title="ChmodRecursive Process exited with total time taken in ms: 31" date="2025-07-28T11:38:04.866" /><!-- duration: 3ms -->
    </step><!-- duration: 119ms -->
    <step title="Deployment timer started" date="2025-07-28T11:38:06.889" >
      <step title="DeploymentManager.Deploy(id:253ca3f1-be81-4bf4-bead-0eb6d3ea18c9)" date="2025-07-28T11:38:06.899" >
        <step title="Collecting changeset information" date="2025-07-28T11:38:06.921" /><!-- duration: 100ms -->
        <step title="Updating submodules" date="2025-07-28T11:38:07.025" /><!-- duration: 1096ms -->
        <step title="Determining deployment builder" date="2025-07-28T11:38:08.326" >
          <step title="Builder is BasicBuilder" date="2025-07-28T11:38:08.336" /><!-- duration: 9ms -->
        </step><!-- duration: 21ms -->
        <step title="PreDeployment: context.CleanOutputPath False" date="2025-07-28T11:38:08.395" >
          <step title="PreDeployment: context.OutputPath /home/site/wwwroot" date="2025-07-28T11:38:08.495" >
            <step title="Building" date="2025-07-28T11:38:09.139" >
              <step title="Executing external process" date="2025-07-28T11:38:09.382" type="process" path="starter.sh" arguments="/opt/Kudu/Scripts/parallel_rsync.sh /tmp/zipdeploy/extracted /home/site/wwwroot 8 /tmp/ False True  " /><!-- duration: 4892ms -->
              <step title="Triggering recycle (preview mode disabled)." date="2025-07-28T11:38:14.519" /><!-- duration: 2ms -->
              <step title="Modified file to trigger a restart of the app container." date="2025-07-28T11:38:14.543" /><!-- duration: 7ms -->
              <step title="Skip function trigger and logicapp sync because function is not enabled." date="2025-07-28T11:38:14.559" /><!-- duration: 2ms -->
              <step title="Purge deployment items" date="2025-07-28T11:38:15.383" >
                <step title="Remove bade866b-, Success, received at 07/27/2025 23:18:15" date="2025-07-28T11:38:15.422" /><!-- duration: 2ms -->
              </step><!-- duration: 43ms -->
            </step><!-- duration: 6346ms -->
          </step><!-- duration: 6993ms -->
          <step title="Cleaning up temp files" date="2025-07-28T11:38:15.489" /><!-- duration: 2ms -->
          <step title="Cleaning up temp files" date="2025-07-28T11:38:15.494" /><!-- duration: 503ms -->
          <step title="Reloading status file with latest updates" date="2025-07-28T11:38:16.029" >
            <step title="WebHooksManager.PublishEventAsync: PostDeployment" date="2025-07-28T11:38:16.041" /><!-- duration: 23ms -->
          </step><!-- duration: 37ms -->
          <step title="Cleaning up temporary deployment - fetch deployment was successful" date="2025-07-28T11:38:16.069" /><!-- duration: 2ms -->
        </step><!-- duration: 7738ms -->
      </step><!-- duration: 9273ms -->
