<step title="Incoming Request" date="2025-07-28T11:38:02.820" instance="f541a8" url="/api/zipdeploy?isAsync=true" method="POST" type="request" pid="820,1,27" Accept="*/*" Host="ks-personal-website-api.scm.azurewebsites.net" User-Agent="AZURECLI/2.75.0 (DEB)" Accept-Encoding="gzip, deflate" Authorization="Bas..." Cache-Control="no-cache" Content-Type="application/octet-stream" Cookie="ARRAffinity=f541a874a03aa9dbd8940f27a6d98bde56b7160334e1e6f986817b427dfbd82d; ARRAffinitySameSite=f541a874a03aa9dbd8940f27a6d98bde56b7160334e1e6f986817b427dfbd82d" Content-Length="214728" x-ms-client-request-id="47ecf2c4-6ba7-11f0-a590-141333c3d749" x-ms-artifact-checksum="7c0b9ef78ce0ec9b8a84f486d7969447bcba96516de7aa2f2966b7f986e0ab32" X-ARR-LOG-ID="47ecf2c4-6ba7-11f0-a590-141333c3d749" CLIENT-IP="70.15.64.115:44090" X-SITE-DEPLOYMENT-ID="ks-personal-website-api" WAS-DEFAULT-HOSTNAME="ks-personal-website-api.scm.azurewebsites.net" X-Forwarded-Proto="https" X-AppService-Proto="https" X-Forwarded-TlsVersion="1.3" X-WAWS-Unencoded-URL="/api/zipdeploy?isAsync=true" X-Client-IP="70.15.64.115" X-Client-Port="44090" >
  <step title="ZipPushDeploy" date="2025-07-28T11:38:02.929" >
    <step title="ZipDeploy. Extract zip." date="2025-07-28T11:38:02.941" /><!-- duration: 29ms -->
    <step title="Starting PushDeployAsync" date="2025-07-28T11:38:03.050" /><!-- duration: 2ms -->
    <step title="Writing artifact to /tmp/zipdeploy/92e301f8-4886-4dc1-93ce-4b8880c7ca85.zip" date="2025-07-28T11:38:03.073" >
      <step title="Writing multipart request body to /tmp/zipdeploy/92e301f8-4886-4dc1-93ce-4b8880c7ca85.zip" date="2025-07-28T11:38:03.100" /><!-- duration: 20ms -->
    </step><!-- duration: 87ms -->
    <step title="Start deployment in the background" date="2025-07-28T11:38:03.172" >
      <step title="Acquiring Deployment Lock" date="2025-07-28T11:38:03.486" /><!-- duration: 14ms -->
      <step title="Acquired Deployment Lock" date="2025-07-28T11:38:03.546" /><!-- duration: 10ms -->
    </step><!-- duration: 433ms -->
  </step><!-- duration: 686ms -->
  <step title="Outgoing response" date="2025-07-28T11:38:03.617" type="response" statusCode="202" statusText="Accepted" /><!-- duration: 2ms -->
</step><!-- duration: 801ms -->
