<step title="Incoming Request" date="2025-07-28T11:43:57.032" instance="f541a8" url="/api/zipdeploy?isAsync=true" method="POST" type="request" pid="820,1,16" Accept="*/*" Host="ks-personal-website-api.scm.azurewebsites.net" User-Agent="AZURECLI/2.75.0 (DEB)" Accept-Encoding="gzip, deflate" Authorization="Bas..." Cache-Control="no-cache" Content-Type="application/octet-stream" Cookie="ARRAffinity=f541a874a03aa9dbd8940f27a6d98bde56b7160334e1e6f986817b427dfbd82d; ARRAffinitySameSite=f541a874a03aa9dbd8940f27a6d98bde56b7160334e1e6f986817b427dfbd82d" Content-Length="214712" x-ms-client-request-id="1d709d6a-6ba8-11f0-a590-141333c3d749" x-ms-artifact-checksum="3f20c7445ec8dba42fadd506abe41fe4e7ca59a1c06c6be9dc19e5f81cf49b2d" X-ARR-LOG-ID="1d709d6a-6ba8-11f0-a590-141333c3d749" CLIENT-IP="70.15.64.115:48790" X-SITE-DEPLOYMENT-ID="ks-personal-website-api" WAS-DEFAULT-HOSTNAME="ks-personal-website-api.scm.azurewebsites.net" X-Forwarded-Proto="https" X-AppService-Proto="https" X-Forwarded-TlsVersion="1.3" X-WAWS-Unencoded-URL="/api/zipdeploy?isAsync=true" X-Client-IP="70.15.64.115" X-Client-Port="48790" >
  <step title="ZipPushDeploy" date="2025-07-28T11:43:57.041" >
    <step title="ZipDeploy. Extract zip." date="2025-07-28T11:43:57.046" /><!-- duration: 2ms -->
    <step title="Starting PushDeployAsync" date="2025-07-28T11:43:57.051" /><!-- duration: 2ms -->
    <step title="Writing artifact to /tmp/zipdeploy/24cda666-15dc-4626-b7ea-dbaa72d87ca3.zip" date="2025-07-28T11:43:57.065" >
      <step title="Writing multipart request body to /tmp/zipdeploy/24cda666-15dc-4626-b7ea-dbaa72d87ca3.zip" date="2025-07-28T11:43:57.067" /><!-- duration: 7ms -->
    </step><!-- duration: 131ms -->
    <step title="Start deployment in the background" date="2025-07-28T11:43:57.202" >
      <step title="Acquiring Deployment Lock" date="2025-07-28T11:43:57.216" /><!-- duration: 2ms -->
      <step title="Acquired Deployment Lock" date="2025-07-28T11:43:57.260" /><!-- duration: 2ms -->
    </step><!-- duration: 214ms -->
  </step><!-- duration: 381ms -->
  <step title="Outgoing response" date="2025-07-28T11:43:57.425" type="response" statusCode="202" statusText="Accepted" /><!-- duration: 4ms -->
</step><!-- duration: 399ms -->
