<step title="BackgroundTrace" date="2025-07-28T10:55:40.624" instance="f541a8" url="/api/zipdeploy" method="POST" >
  <step title="Creating temporary deployment - FetchDeploymentManager" date="2025-07-28T10:55:40.666" /><!-- duration: 2ms -->
  <step title="Creating temporary deployment" date="2025-07-28T10:55:40.672" /><!-- duration: 72ms -->
  <step title="Performing fetch based deployment" date="2025-07-28T10:55:40.801" >
    <step title="Cleaning up temp folders from previous zip deployments and extracting pushed zip file /tmp/zipdeploy/96a98bc5-7b84-404b-b5f8-5c40bb675fa2.zip (0.07 MB) to /tmp/zipdeploy/extracted" date="2025-07-28T10:55:41.917" >
      <step title="ChmodRecursive Process exited with total time taken in ms: 39" date="2025-07-28T10:55:42.041" /><!-- duration: 2ms -->
    </step><!-- duration: 129ms -->
    <step title="Deployment timer started" date="2025-07-28T10:55:44.063" >
      <step title="DeploymentManager.Deploy(id:f5630fe0-32b6-4ca9-a1af-a34e6d42c013)" date="2025-07-28T10:55:44.075" >
        <step title="Collecting changeset information" date="2025-07-28T10:55:44.098" /><!-- duration: 107ms -->
        <step title="Updating submodules" date="2025-07-28T10:55:44.230" /><!-- duration: 1095ms -->
        <step title="Determining deployment builder" date="2025-07-28T10:55:46.101" >
          <step title="Builder is BasicBuilder" date="2025-07-28T10:55:46.183" /><!-- duration: 9ms -->
        </step><!-- duration: 110ms -->
        <step title="PreDeployment: context.CleanOutputPath False" date="2025-07-28T10:55:46.272" >
          <step title="PreDeployment: context.OutputPath /home/site/wwwroot" date="2025-07-28T10:55:46.440" >
            <step title="Building" date="2025-07-28T10:55:46.547" >
              <step title="Executing external process" date="2025-07-28T10:55:46.848" type="process" path="starter.sh" arguments="/opt/Kudu/Scripts/parallel_rsync.sh /tmp/zipdeploy/extracted /home/site/wwwroot 8 /tmp/ False True  " /><!-- duration: 3636ms -->
              <step title="Triggering recycle (preview mode disabled)." date="2025-07-28T10:55:50.687" /><!-- duration: 2ms -->
              <step title="Modified file to trigger a restart of the app container." date="2025-07-28T10:55:50.711" /><!-- duration: 2ms -->
              <step title="Skip function trigger and logicapp sync because function is not enabled." date="2025-07-28T10:55:50.718" /><!-- duration: 2ms -->
            </step><!-- duration: 4982ms -->
          </step><!-- duration: 5094ms -->
          <step title="Cleaning up temp files" date="2025-07-28T10:55:51.535" /><!-- duration: 5ms -->
          <step title="Cleaning up temp files" date="2025-07-28T10:55:51.542" /><!-- duration: 510ms -->
          <step title="Reloading status file with latest updates" date="2025-07-28T10:55:52.081" >
            <step title="WebHooksManager.PublishEventAsync: PostDeployment" date="2025-07-28T10:55:52.089" /><!-- duration: 24ms -->
          </step><!-- duration: 33ms -->
          <step title="Cleaning up temporary deployment - fetch deployment was successful" date="2025-07-28T10:55:52.118" /><!-- duration: 2ms -->
        </step><!-- duration: 5923ms -->
      </step><!-- duration: 8132ms -->
