<step title="BackgroundTrace" date="2025-07-28T11:43:57.207" instance="f541a8" url="/api/zipdeploy" method="POST" >
  <step title="Creating temporary deployment - FetchDeploymentManager" date="2025-07-28T11:43:57.274" /><!-- duration: 2ms -->
  <step title="Creating temporary deployment" date="2025-07-28T11:43:57.292" /><!-- duration: 122ms -->
  <step title="Performing fetch based deployment" date="2025-07-28T11:43:57.447" >
    <step title="Cleaning up temp folders from previous zip deployments and extracting pushed zip file /tmp/zipdeploy/24cda666-15dc-4626-b7ea-dbaa72d87ca3.zip (0.20 MB) to /tmp/zipdeploy/extracted" date="2025-07-28T11:43:58.575" >
      <step title="ChmodRecursive Process exited with total time taken in ms: 40" date="2025-07-28T11:43:58.713" /><!-- duration: 9ms -->
    </step><!-- duration: 149ms -->
    <step title="Deployment timer started" date="2025-07-28T11:44:00.743" >
      <step title="DeploymentManager.Deploy(id:5f6a0a2a-db19-4c47-8b77-f66e776e6257)" date="2025-07-28T11:44:00.751" >
        <step title="Collecting changeset information" date="2025-07-28T11:44:00.771" /><!-- duration: 109ms -->
        <step title="Updating submodules" date="2025-07-28T11:44:00.883" /><!-- duration: 1161ms -->
        <step title="Determining deployment builder" date="2025-07-28T11:44:02.483" >
          <step title="Builder is BasicBuilder" date="2025-07-28T11:44:02.541" /><!-- duration: 2ms -->
        </step><!-- duration: 88ms -->
        <step title="PreDeployment: context.CleanOutputPath False" date="2025-07-28T11:44:02.642" >
          <step title="PreDeployment: context.OutputPath /home/site/wwwroot" date="2025-07-28T11:44:02.841" >
            <step title="Building" date="2025-07-28T11:44:03.104" >
              <step title="Executing external process" date="2025-07-28T11:44:03.388" type="process" path="starter.sh" arguments="/opt/Kudu/Scripts/parallel_rsync.sh /tmp/zipdeploy/extracted /home/site/wwwroot 8 /tmp/ False True  " /><!-- duration: 4519ms -->
              <step title="Triggering recycle (preview mode disabled)." date="2025-07-28T11:44:08.187" /><!-- duration: 2ms -->
              <step title="Modified file to trigger a restart of the app container." date="2025-07-28T11:44:08.241" /><!-- duration: 8ms -->
              <step title="Skip function trigger and logicapp sync because function is not enabled." date="2025-07-28T11:44:08.258" /><!-- duration: 2ms -->
              <step title="Purge deployment items" date="2025-07-28T11:44:09.243" >
                <step title="Remove df98cc08-, Success, received at 07/27/2025 23:39:48" date="2025-07-28T11:44:09.289" /><!-- duration: 2ms -->
              </step><!-- duration: 49ms -->
            </step><!-- duration: 6244ms -->
          </step><!-- duration: 6509ms -->
          <step title="Cleaning up temp files" date="2025-07-28T11:44:09.352" /><!-- duration: 3ms -->
          <step title="Cleaning up temp files" date="2025-07-28T11:44:09.357" /><!-- duration: 511ms -->
          <step title="Reloading status file with latest updates" date="2025-07-28T11:44:09.882" >
            <step title="WebHooksManager.PublishEventAsync: PostDeployment" date="2025-07-28T11:44:09.888" /><!-- duration: 33ms -->
          </step><!-- duration: 41ms -->
          <step title="Cleaning up temporary deployment - fetch deployment was successful" date="2025-07-28T11:44:09.927" /><!-- duration: 2ms -->
        </step><!-- duration: 7380ms -->
      </step><!-- duration: 9311ms -->
