﻿<?xml version="1.0" encoding="utf-8"?>
<deployment>
  <id>79eb496b-9ee9-45f7-a526-ac8043047ec1</id>
  <author>N/A</author>
  <deployer>OneDeploy</deployer>
  <authorEmail>N/A</authorEmail>
  <message>OneDeploy</message>
  <progress></progress>
  <status>Success</status>
  <statusText></statusText>
  <lastSuccessEndTime>2025-07-27T22:37:03.9132224Z</lastSuccessEndTime>
  <receivedTime>2025-07-27T22:36:56.2419407Z</receivedTime>
  <startTime>2025-07-27T22:36:57.7913495Z</startTime>
  <endTime>2025-07-27T22:37:03.9132224Z</endTime>
  <complete>True</complete>
  <is_temp>False</is_temp>
  <is_readonly>True</is_readonly>
  <buildSummary />
</deployment>