<step title="Incoming Request" date="2025-07-27T22:55:43.890" instance="f541a8" url="/api/publish?type=zip" method="POST" type="request" pid="823,1,7" Accept="*/*" Host="ks-personal-website-api.scm.azurewebsites.net" User-Agent="AZURECLI/2.75.0 (DEB)" Accept-Encoding="gzip, deflate" Authorization="Bas..." Cache-Control="no-cache" Content-Type="application/octet-stream" Cookie="ARRAffinity=f541a874a03aa9dbd8940f27a6d98bde56b7160334e1e6f986817b427dfbd82d; ARRAffinitySameSite=f541a874a03aa9dbd8940f27a6d98bde56b7160334e1e6f986817b427dfbd82d" Content-Length="50600" x-ms-client-request-id="cd82cbfe-6b3c-11f0-a590-141333c3d749" x-ms-artifact-checksum="f38d50e9fb21e108134bafdba6db31807a4afa245c8198a5e62315486e140a23" X-ARR-LOG-ID="cd82cbfe-6b3c-11f0-a590-141333c3d749" CLIENT-IP="70.15.64.115:34492" X-SITE-DEPLOYMENT-ID="ks-personal-website-api" WAS-DEFAULT-HOSTNAME="ks-personal-website-api.scm.azurewebsites.net" X-Forwarded-Proto="https" X-AppService-Proto="https" X-Forwarded-TlsVersion="1.3" X-WAWS-Unencoded-URL="/api/publish?type=zip" X-Client-IP="70.15.64.115" X-Client-Port="34492" >
  <step title="OneDeploy" date="2025-07-27T22:55:45.910" >
    <step title="None repository commit" date="2025-07-27T22:55:45.944" >
      <step title="Commit id: 5c88904e-c75a-4584-a416-10d2de28ed02" date="2025-07-27T22:55:45.960" Message="N/A" AuthorName="N/A" AuthorEmail="N/A" /><!-- duration: 9ms -->
    </step><!-- duration: 27ms -->
    <step title="Starting PushDeployAsync" date="2025-07-27T22:55:45.990" /><!-- duration: 2ms -->
    <step title="Writing artifact to /tmp/zipdeploy/50bfd401-530e-48e6-b928-0eedf9c6a383.zip" date="2025-07-27T22:55:46.022" >
      <step title="Writing multipart request body to /tmp/zipdeploy/50bfd401-530e-48e6-b928-0eedf9c6a383.zip" date="2025-07-27T22:55:46.049" /><!-- duration: 2ms -->
    </step><!-- duration: 279ms -->
    <step title="Attempting to fetch target branch HEAD" date="2025-07-27T22:55:46.362" /><!-- duration: 2ms -->
    <step title="Acquiring Deployment Lock" date="2025-07-27T22:55:46.392" /><!-- duration: 2ms -->
    <step title="Acquired Deployment Lock" date="2025-07-27T22:55:46.482" /><!-- duration: 10ms -->
    <step title="Performing fetch based deployment" date="2025-07-27T22:55:46.512" >
      <step title="Creating temporary deployment" date="2025-07-27T22:55:46.514" /><!-- duration: 72ms -->
      <step title="Releasing Deployment Lock" date="2025-07-27T22:55:47.879" /><!-- duration: 19ms -->
      <step title="Cleaning up temp folders from previous zip deployments and extracting pushed zip file /tmp/zipdeploy/50bfd401-530e-48e6-b928-0eedf9c6a383.zip (0.05 MB) to /tmp/zipdeploy/extracted" date="2025-07-27T22:55:47.948" >
        <step title="ChmodRecursive Process exited with total time taken in ms: 119" date="2025-07-27T22:55:48.370" /><!-- duration: 32ms -->
      </step><!-- duration: 501ms -->
      <step title="None repository commit" date="2025-07-27T22:55:48.452" >
        <step title="Commit id: 5c88904e-c75a-4584-a416-10d2de28ed02" date="2025-07-27T22:55:48.463" Message="OneDeploy" AuthorName="N/A" AuthorEmail="N/A" /><!-- duration: 18ms -->
      </step><!-- duration: 30ms -->
      <step title="Deployment timer started" date="2025-07-27T22:55:50.615" >
        <step title="DeploymentManager.Deploy(id:5c88904e-c75a-4584-a416-10d2de28ed02)" date="2025-07-27T22:55:50.716" >
          <step title="Collecting changeset information" date="2025-07-27T22:55:50.786" /><!-- duration: 432ms -->
          <step title="Updating submodules" date="2025-07-27T22:55:51.277" /><!-- duration: 1598ms -->
          <step title="Determining deployment builder" date="2025-07-27T22:55:53.408" >
            <step title="Builder is OneDeployBuilder" date="2025-07-27T22:55:53.448" /><!-- duration: 2ms -->
          </step><!-- duration: 60ms -->
          <step title="PreDeployment: context.CleanOutputPath False" date="2025-07-27T22:55:53.531" >
            <step title="PreDeployment: context.OutputPath /home/site/wwwroot" date="2025-07-27T22:55:53.701" >
              <step title="Building" date="2025-07-27T22:55:53.912" >
                <step title="Executing external process" date="2025-07-27T22:55:54.778" type="process" path="starter.sh" arguments="/opt/Kudu/Scripts/parallel_rsync.sh /tmp/zipdeploy/extracted /home/site/wwwroot 8 /tmp/ False False  " /><!-- duration: 13616ms -->
                <step title="Modified file to trigger a restart of the app container." date="2025-07-27T22:56:09.689" /><!-- duration: 2ms -->
                <step title="Skip function trigger and logicapp sync because function is not enabled." date="2025-07-27T22:56:09.807" /><!-- duration: 29ms -->
              </step><!-- duration: 18057ms -->
            </step><!-- duration: 18307ms -->
            <step title="Cleaning up temp files" date="2025-07-27T22:56:12.017" /><!-- duration: 40ms -->
            <step title="Cleaning up temp files" date="2025-07-27T22:56:12.068" /><!-- duration: 705ms -->
            <step title="Reloading status file with latest updates" date="2025-07-27T22:56:13.236" >
              <step title="WebHooksManager.PublishEventAsync: PostDeployment" date="2025-07-27T22:56:13.375" /><!-- duration: 664ms -->
            </step><!-- duration: 813ms -->
            <step title="Cleaning up temporary deployment - fetch deployment was successful" date="2025-07-27T22:56:14.060" /><!-- duration: 9ms -->
          </step><!-- duration: 20610ms -->
        </step><!-- duration: 23473ms -->
        <step title="Outgoing response" date="2025-07-27T22:56:14.254" type="response" statusCode="200" statusText="OK" /><!-- duration: 5ms -->
      </step><!-- duration: 23646ms -->
