<step title="Incoming Request" date="2025-07-28T10:55:40.392" instance="f541a8" url="/api/zipdeploy?isAsync=true" method="POST" type="request" pid="820,1,22" Accept="*/*" Host="ks-personal-website-api.scm.azurewebsites.net" User-Agent="AZURECLI/2.75.0 (DEB)" Accept-Encoding="gzip, deflate" Authorization="Bas..." Cache-Control="no-cache" Content-Type="application/octet-stream" Cookie="ARRAffinity=f541a874a03aa9dbd8940f27a6d98bde56b7160334e1e6f986817b427dfbd82d; ARRAffinitySameSite=f541a874a03aa9dbd8940f27a6d98bde56b7160334e1e6f986817b427dfbd82d" Content-Length="69425" x-ms-client-request-id="62784450-6ba1-11f0-a590-141333c3d749" x-ms-artifact-checksum="153ae5f8caaf3b6bdecf52c86fe690a40c83af2ddff5b8416a57a66793a70c8b" X-ARR-LOG-ID="62784450-6ba1-11f0-a590-141333c3d749" CLIENT-IP="70.15.64.115:46858" X-SITE-DEPLOYMENT-ID="ks-personal-website-api" WAS-DEFAULT-HOSTNAME="ks-personal-website-api.scm.azurewebsites.net" X-Forwarded-Proto="https" X-AppService-Proto="https" X-Forwarded-TlsVersion="1.3" X-WAWS-Unencoded-URL="/api/zipdeploy?isAsync=true" X-Client-IP="70.15.64.115" X-Client-Port="46858" >
  <step title="ZipPushDeploy" date="2025-07-28T10:55:40.503" >
    <step title="ZipDeploy. Extract zip." date="2025-07-28T10:55:40.509" /><!-- duration: 2ms -->
    <step title="Starting PushDeployAsync" date="2025-07-28T10:55:40.514" /><!-- duration: 2ms -->
    <step title="Writing artifact to /tmp/zipdeploy/96a98bc5-7b84-404b-b5f8-5c40bb675fa2.zip" date="2025-07-28T10:55:40.525" >
      <step title="Writing multipart request body to /tmp/zipdeploy/96a98bc5-7b84-404b-b5f8-5c40bb675fa2.zip" date="2025-07-28T10:55:40.532" /><!-- duration: 2ms -->
    </step><!-- duration: 83ms -->
    <step title="Start deployment in the background" date="2025-07-28T10:55:40.617" >
      <step title="Acquiring Deployment Lock" date="2025-07-28T10:55:40.633" /><!-- duration: 2ms -->
      <step title="Acquired Deployment Lock" date="2025-07-28T10:55:40.661" /><!-- duration: 2ms -->
    </step><!-- duration: 130ms -->
  </step><!-- duration: 272ms -->
  <step title="Outgoing response" date="2025-07-28T10:55:40.778" type="response" statusCode="202" statusText="Accepted" /><!-- duration: 2ms -->
</step><!-- duration: 390ms -->
