<step title="Incoming Request" date="2025-07-28T11:04:38.152" instance="f541a8" url="/api/publish?type=zip" method="POST" type="request" pid="820,1,7" Accept="*/*" Host="ks-personal-website-api.scm.azurewebsites.net" User-Agent="AZURECLI/2.75.0 (DEB)" Accept-Encoding="gzip, deflate" Authorization="Bas..." Cache-Control="no-cache" Content-Type="application/octet-stream" Cookie="ARRAffinity=f541a874a03aa9dbd8940f27a6d98bde56b7160334e1e6f986817b427dfbd82d; ARRAffinitySameSite=f541a874a03aa9dbd8940f27a6d98bde56b7160334e1e6f986817b427dfbd82d" Content-Length="37572" x-ms-client-request-id="a2148096-6ba2-11f0-a590-141333c3d749" x-ms-artifact-checksum="d1f7326d1f6a839b2a833c88d0fbdb9014f5cd690c85101c54ade61cdd393aa7" X-ARR-LOG-ID="a2148096-6ba2-11f0-a590-141333c3d749" CLIENT-IP="70.15.64.115:36048" X-SITE-DEPLOYMENT-ID="ks-personal-website-api" WAS-DEFAULT-HOSTNAME="ks-personal-website-api.scm.azurewebsites.net" X-Forwarded-Proto="https" X-AppService-Proto="https" X-Forwarded-TlsVersion="1.3" X-WAWS-Unencoded-URL="/api/publish?type=zip" X-Client-IP="70.15.64.115" X-Client-Port="36048" >
  <step title="OneDeploy" date="2025-07-28T11:04:38.161" >
    <step title="Starting PushDeployAsync" date="2025-07-28T11:04:38.168" /><!-- duration: 2ms -->
    <step title="Writing artifact to /tmp/zipdeploy/70aa8019-afd0-4374-8757-cf698eed6217.zip" date="2025-07-28T11:04:38.180" >
      <step title="Writing multipart request body to /tmp/zipdeploy/70aa8019-afd0-4374-8757-cf698eed6217.zip" date="2025-07-28T11:04:38.211" /><!-- duration: 2ms -->
    </step><!-- duration: 63ms -->
    <step title="Attempting to fetch target branch HEAD" date="2025-07-28T11:04:38.255" /><!-- duration: 3ms -->
    <step title="Acquiring Deployment Lock" date="2025-07-28T11:04:38.263" /><!-- duration: 2ms -->
    <step title="Acquired Deployment Lock" date="2025-07-28T11:04:38.282" /><!-- duration: 2ms -->
    <step title="Performing fetch based deployment" date="2025-07-28T11:04:38.288" >
      <step title="Creating temporary deployment" date="2025-07-28T11:04:38.294" /><!-- duration: 43ms -->
      <step title="Releasing Deployment Lock" date="2025-07-28T11:04:39.438" /><!-- duration: 4ms -->
      <step title="Cleaning up temp folders from previous zip deployments and extracting pushed zip file /tmp/zipdeploy/70aa8019-afd0-4374-8757-cf698eed6217.zip (0.04 MB) to /tmp/zipdeploy/extracted" date="2025-07-28T11:04:39.463" >
        <step title="ChmodRecursive Process exited with total time taken in ms: 41" date="2025-07-28T11:04:39.546" /><!-- duration: 9ms -->
      </step><!-- duration: 94ms -->
      <step title="None repository commit" date="2025-07-28T11:04:39.564" >
        <step title="Commit id: 3db07e8e-3c65-47de-a434-82e2c3e7cc8c" date="2025-07-28T11:04:39.566" Message="OneDeploy" AuthorName="N/A" AuthorEmail="N/A" /><!-- duration: 7ms -->
      </step><!-- duration: 10ms -->
      <step title="Deployment timer started" date="2025-07-28T11:04:41.576" >
        <step title="DeploymentManager.Deploy(id:3db07e8e-3c65-47de-a434-82e2c3e7cc8c)" date="2025-07-28T11:04:41.581" >
          <step title="Collecting changeset information" date="2025-07-28T11:04:41.608" /><!-- duration: 84ms -->
          <step title="Updating submodules" date="2025-07-28T11:04:41.696" /><!-- duration: 1102ms -->
          <step title="Determining deployment builder" date="2025-07-28T11:04:42.986" >
            <step title="Builder is OneDeployBuilder" date="2025-07-28T11:04:43.000" /><!-- duration: 2ms -->
          </step><!-- duration: 17ms -->
          <step title="PreDeployment: context.CleanOutputPath False" date="2025-07-28T11:04:43.049" >
            <step title="PreDeployment: context.OutputPath /home/site/wwwroot" date="2025-07-28T11:04:43.150" >
              <step title="Building" date="2025-07-28T11:04:43.257" >
                <step title="Executing external process" date="2025-07-28T11:04:43.617" type="process" path="starter.sh" arguments="/opt/Kudu/Scripts/parallel_rsync.sh /tmp/zipdeploy/extracted /home/site/wwwroot 8 /tmp/ False False  " /><!-- duration: 3504ms -->
                <step title="Modified file to trigger a restart of the app container." date="2025-07-28T11:04:47.464" /><!-- duration: 3ms -->
                <step title="Skip function trigger and logicapp sync because function is not enabled." date="2025-07-28T11:04:47.469" /><!-- duration: 2ms -->
              </step><!-- duration: 4972ms -->
            </step><!-- duration: 5086ms -->
            <step title="Cleaning up temp files" date="2025-07-28T11:04:48.238" /><!-- duration: 4ms -->
            <step title="Cleaning up temp files" date="2025-07-28T11:04:48.247" /><!-- duration: 503ms -->
            <step title="Reloading status file with latest updates" date="2025-07-28T11:04:48.773" >
              <step title="WebHooksManager.PublishEventAsync: PostDeployment" date="2025-07-28T11:04:48.775" /><!-- duration: 25ms -->
            </step><!-- duration: 30ms -->
            <step title="Cleaning up temporary deployment - fetch deployment was successful" date="2025-07-28T11:04:48.806" /><!-- duration: 3ms -->
          </step><!-- duration: 5844ms -->
        </step><!-- duration: 7315ms -->
        <step title="Outgoing response" date="2025-07-28T11:04:48.906" type="response" statusCode="200" statusText="OK" /><!-- duration: 2ms -->
      </step><!-- duration: 7342ms -->
