<step title="Incoming Request" date="2025-07-28T10:43:42.475" instance="f541a8" url="/api/publish?type=zip" method="POST" type="request" pid="820,1,31" Accept="*/*" Host="ks-personal-website-api.scm.azurewebsites.net" User-Agent="AZURECLI/2.75.0 (DEB)" Accept-Encoding="gzip, deflate" Authorization="Bas..." Cache-Control="no-cache" Content-Type="application/octet-stream" Cookie="ARRAffinity=f541a874a03aa9dbd8940f27a6d98bde56b7160334e1e6f986817b427dfbd82d; ARRAffinitySameSite=f541a874a03aa9dbd8940f27a6d98bde56b7160334e1e6f986817b427dfbd82d" Content-Length="69425" x-ms-client-request-id="b2860c22-6b9f-11f0-a590-141333c3d749" x-ms-artifact-checksum="153ae5f8caaf3b6bdecf52c86fe690a40c83af2ddff5b8416a57a66793a70c8b" X-ARR-LOG-ID="b2860c22-6b9f-11f0-a590-141333c3d749" CLIENT-IP="70.15.64.115:41644" X-SITE-DEPLOYMENT-ID="ks-personal-website-api" WAS-DEFAULT-HOSTNAME="ks-personal-website-api.scm.azurewebsites.net" X-Forwarded-Proto="https" X-AppService-Proto="https" X-Forwarded-TlsVersion="1.3" X-WAWS-Unencoded-URL="/api/publish?type=zip" X-Client-IP="70.15.64.115" X-Client-Port="41644" >
  <step title="OneDeploy" date="2025-07-28T10:43:42.548" >
    <step title="Starting PushDeployAsync" date="2025-07-28T10:43:42.567" /><!-- duration: 5ms -->
    <step title="Writing artifact to /tmp/zipdeploy/aafc8f6f-4a0b-4d80-b28f-822003941012.zip" date="2025-07-28T10:43:42.588" >
      <step title="Writing multipart request body to /tmp/zipdeploy/aafc8f6f-4a0b-4d80-b28f-822003941012.zip" date="2025-07-28T10:43:42.624" /><!-- duration: 17ms -->
    </step><!-- duration: 212ms -->
    <step title="Attempting to fetch target branch HEAD" date="2025-07-28T10:43:42.859" /><!-- duration: 8ms -->
    <step title="Acquiring Deployment Lock" date="2025-07-28T10:43:42.889" /><!-- duration: 6ms -->
    <step title="Acquired Deployment Lock" date="2025-07-28T10:43:42.943" /><!-- duration: 3ms -->
    <step title="Performing fetch based deployment" date="2025-07-28T10:43:42.961" >
      <step title="Creating temporary deployment" date="2025-07-28T10:43:42.999" /><!-- duration: 107ms -->
      <step title="Releasing Deployment Lock" date="2025-07-28T10:43:44.291" /><!-- duration: 4ms -->
      <step title="Cleaning up temp folders from previous zip deployments and extracting pushed zip file /tmp/zipdeploy/aafc8f6f-4a0b-4d80-b28f-822003941012.zip (0.07 MB) to /tmp/zipdeploy/extracted" date="2025-07-28T10:43:44.324" >
        <step title="ChmodRecursive Process exited with total time taken in ms: 55" date="2025-07-28T10:43:44.509" /><!-- duration: 5ms -->
      </step><!-- duration: 211ms -->
      <step title="None repository commit" date="2025-07-28T10:43:44.543" >
        <step title="Commit id: af150063-2b06-4977-8f16-c68e40f63c6e" date="2025-07-28T10:43:44.546" Message="OneDeploy" AuthorName="N/A" AuthorEmail="N/A" /><!-- duration: 2ms -->
      </step><!-- duration: 7ms -->
      <step title="Deployment timer started" date="2025-07-28T10:43:46.570" >
        <step title="DeploymentManager.Deploy(id:af150063-2b06-4977-8f16-c68e40f63c6e)" date="2025-07-28T10:43:46.587" >
          <step title="Collecting changeset information" date="2025-07-28T10:43:46.641" /><!-- duration: 130ms -->
          <step title="Updating submodules" date="2025-07-28T10:43:46.790" /><!-- duration: 1162ms -->
          <step title="Determining deployment builder" date="2025-07-28T10:43:48.168" >
            <step title="Builder is OneDeployBuilder" date="2025-07-28T10:43:48.184" /><!-- duration: 2ms -->
          </step><!-- duration: 22ms -->
          <step title="PreDeployment: context.CleanOutputPath False" date="2025-07-28T10:43:48.247" >
            <step title="PreDeployment: context.OutputPath /home/site/wwwroot" date="2025-07-28T10:43:48.370" >
              <step title="Building" date="2025-07-28T10:43:48.496" >
                <step title="Executing external process" date="2025-07-28T10:43:49.023" type="process" path="starter.sh" arguments="/opt/Kudu/Scripts/parallel_rsync.sh /tmp/zipdeploy/extracted /home/site/wwwroot 8 /tmp/ False False  " /><!-- duration: 4918ms -->
                <step title="Modified file to trigger a restart of the app container." date="2025-07-28T10:43:54.339" /><!-- duration: 4ms -->
                <step title="Skip function trigger and logicapp sync because function is not enabled." date="2025-07-28T10:43:54.361" /><!-- duration: 21ms -->
              </step><!-- duration: 6787ms -->
            </step><!-- duration: 6919ms -->
            <step title="Cleaning up temp files" date="2025-07-28T10:43:55.292" /><!-- duration: 14ms -->
            <step title="Cleaning up temp files" date="2025-07-28T10:43:55.310" /><!-- duration: 508ms -->
            <step title="Reloading status file with latest updates" date="2025-07-28T10:43:55.849" >
              <step title="WebHooksManager.PublishEventAsync: PostDeployment" date="2025-07-28T10:43:55.854" /><!-- duration: 35ms -->
            </step><!-- duration: 43ms -->
            <step title="Cleaning up temporary deployment - fetch deployment was successful" date="2025-07-28T10:43:55.896" /><!-- duration: 2ms -->
          </step><!-- duration: 7730ms -->
        </step><!-- duration: 9393ms -->
        <step title="Outgoing response" date="2025-07-28T10:43:55.987" type="response" statusCode="200" statusText="OK" /><!-- duration: 2ms -->
      </step><!-- duration: 9420ms -->
