<step title="Incoming Request" date="2025-07-28T11:27:43.166" instance="f541a8" url="/api/publish?type=zip" method="POST" type="request" pid="820,1,15" Accept="*/*" Host="ks-personal-website-api.scm.azurewebsites.net" User-Agent="AZURECLI/2.75.0 (DEB)" Accept-Encoding="gzip, deflate" Authorization="Bas..." Cache-Control="no-cache" Content-Type="application/octet-stream" Cookie="ARRAffinity=f541a874a03aa9dbd8940f27a6d98bde56b7160334e1e6f986817b427dfbd82d; ARRAffinitySameSite=f541a874a03aa9dbd8940f27a6d98bde56b7160334e1e6f986817b427dfbd82d" Content-Length="209845" x-ms-client-request-id="dbdf1496-6ba5-11f0-a590-141333c3d749" x-ms-artifact-checksum="73297ca613f9018397c469b93380768474c963159d4f083fd284166fe3e10567" X-ARR-LOG-ID="dbdf1496-6ba5-11f0-a590-141333c3d749" CLIENT-IP="70.15.64.115:48456" X-SITE-DEPLOYMENT-ID="ks-personal-website-api" WAS-DEFAULT-HOSTNAME="ks-personal-website-api.scm.azurewebsites.net" X-Forwarded-Proto="https" X-AppService-Proto="https" X-Forwarded-TlsVersion="1.3" X-WAWS-Unencoded-URL="/api/publish?type=zip" X-Client-IP="70.15.64.115" X-Client-Port="48456" >
  <step title="OneDeploy" date="2025-07-28T11:27:43.183" >
    <step title="Starting PushDeployAsync" date="2025-07-28T11:27:43.189" /><!-- duration: 5ms -->
    <step title="Writing artifact to /tmp/zipdeploy/00a6b9be-6456-4d83-a91c-ba9ce08058d8.zip" date="2025-07-28T11:27:43.215" >
      <step title="Writing multipart request body to /tmp/zipdeploy/00a6b9be-6456-4d83-a91c-ba9ce08058d8.zip" date="2025-07-28T11:27:43.235" /><!-- duration: 19ms -->
    </step><!-- duration: 149ms -->
    <step title="Attempting to fetch target branch HEAD" date="2025-07-28T11:27:43.387" /><!-- duration: 9ms -->
    <step title="Acquiring Deployment Lock" date="2025-07-28T11:27:43.414" /><!-- duration: 2ms -->
    <step title="Acquired Deployment Lock" date="2025-07-28T11:27:43.442" /><!-- duration: 3ms -->
    <step title="Performing fetch based deployment" date="2025-07-28T11:27:43.450" >
      <step title="Creating temporary deployment" date="2025-07-28T11:27:43.456" /><!-- duration: 46ms -->
      <step title="Releasing Deployment Lock" date="2025-07-28T11:27:44.660" /><!-- duration: 19ms -->
      <step title="Cleaning up temp folders from previous zip deployments and extracting pushed zip file /tmp/zipdeploy/00a6b9be-6456-4d83-a91c-ba9ce08058d8.zip (0.20 MB) to /tmp/zipdeploy/extracted" date="2025-07-28T11:27:44.729" >
        <step title="ChmodRecursive Process exited with total time taken in ms: 109" date="2025-07-28T11:27:44.940" /><!-- duration: 9ms -->
      </step><!-- duration: 250ms -->
      <step title="None repository commit" date="2025-07-28T11:27:44.981" >
        <step title="Commit id: e454ba55-f3dc-4e9b-8ea3-b6a0b602b1ca" date="2025-07-28T11:27:45.001" Message="OneDeploy" AuthorName="N/A" AuthorEmail="N/A" /><!-- duration: 9ms -->
      </step><!-- duration: 30ms -->
      <step title="Deployment timer started" date="2025-07-28T11:27:47.021" >
        <step title="DeploymentManager.Deploy(id:e454ba55-f3dc-4e9b-8ea3-b6a0b602b1ca)" date="2025-07-28T11:27:47.024" >
          <step title="Collecting changeset information" date="2025-07-28T11:27:47.048" /><!-- duration: 85ms -->
          <step title="Updating submodules" date="2025-07-28T11:27:47.136" /><!-- duration: 1111ms -->
          <step title="Determining deployment builder" date="2025-07-28T11:27:48.503" >
            <step title="Builder is OneDeployBuilder" date="2025-07-28T11:27:48.513" /><!-- duration: 1ms -->
          </step><!-- duration: 14ms -->
          <step title="PreDeployment: context.CleanOutputPath False" date="2025-07-28T11:27:48.550" >
            <step title="PreDeployment: context.OutputPath /home/site/wwwroot" date="2025-07-28T11:27:48.652" >
              <step title="Building" date="2025-07-28T11:27:48.746" >
                <step title="Executing external process" date="2025-07-28T11:27:49.160" type="process" path="starter.sh" arguments="/opt/Kudu/Scripts/parallel_rsync.sh /tmp/zipdeploy/extracted /home/site/wwwroot 8 /tmp/ False False  " /><!-- duration: 3125ms -->
                <step title="Modified file to trigger a restart of the app container." date="2025-07-28T11:27:52.697" /><!-- duration: 6ms -->
                <step title="Skip function trigger and logicapp sync because function is not enabled." date="2025-07-28T11:27:52.705" /><!-- duration: 2ms -->
                <step title="Purge deployment items" date="2025-07-28T11:27:53.623" >
                  <step title="Remove 5c88904e-, Success, received at 07/27/2025 22:55:50" date="2025-07-28T11:27:53.678" /><!-- duration: 3ms -->
                </step><!-- duration: 61ms -->
              </step><!-- duration: 4993ms -->
            </step><!-- duration: 5089ms -->
            <step title="Cleaning up temp files" date="2025-07-28T11:27:53.744" /><!-- duration: 4ms -->
            <step title="Cleaning up temp files" date="2025-07-28T11:27:53.757" /><!-- duration: 505ms -->
            <step title="Reloading status file with latest updates" date="2025-07-28T11:27:54.294" >
              <step title="WebHooksManager.PublishEventAsync: PostDeployment" date="2025-07-28T11:27:54.300" /><!-- duration: 21ms -->
            </step><!-- duration: 30ms -->
            <step title="Cleaning up temporary deployment - fetch deployment was successful" date="2025-07-28T11:27:54.328" /><!-- duration: 2ms -->
          </step><!-- duration: 5851ms -->
        </step><!-- duration: 7380ms -->
        <step title="Outgoing response" date="2025-07-28T11:27:54.406" type="response" statusCode="200" statusText="OK" /><!-- duration: 1ms -->
      </step><!-- duration: 7389ms -->
