<step title="Incoming Request" date="2025-07-28T11:26:29.673" instance="f541a8" url="/api/publish?type=zip" method="POST" type="request" pid="820,1,19" Accept="*/*" Host="ks-personal-website-api.scm.azurewebsites.net" User-Agent="AZURECLI/2.75.0 (DEB)" Accept-Encoding="gzip, deflate" Authorization="Bas..." Cache-Control="no-cache" Content-Type="application/octet-stream" Cookie="ARRAffinity=f541a874a03aa9dbd8940f27a6d98bde56b7160334e1e6f986817b427dfbd82d; ARRAffinitySameSite=f541a874a03aa9dbd8940f27a6d98bde56b7160334e1e6f986817b427dfbd82d" Content-Length="209875" x-ms-client-request-id="b0567788-6ba5-11f0-a590-141333c3d749" x-ms-artifact-checksum="afb81cf84da7ef20dc31193116ccd58bf493dc51eae8b741950cd548bfd162f6" X-ARR-LOG-ID="b0567788-6ba5-11f0-a590-141333c3d749" CLIENT-IP="70.15.64.115:58286" X-SITE-DEPLOYMENT-ID="ks-personal-website-api" WAS-DEFAULT-HOSTNAME="ks-personal-website-api.scm.azurewebsites.net" X-Forwarded-Proto="https" X-AppService-Proto="https" X-Forwarded-TlsVersion="1.3" X-WAWS-Unencoded-URL="/api/publish?type=zip" X-Client-IP="70.15.64.115" X-Client-Port="58286" >
  <step title="OneDeploy" date="2025-07-28T11:26:29.685" >
    <step title="Starting PushDeployAsync" date="2025-07-28T11:26:29.703" /><!-- duration: 3ms -->
    <step title="Writing artifact to /tmp/zipdeploy/21882b72-03c9-4ea8-aeba-ed2a152b0096.zip" date="2025-07-28T11:26:29.726" >
      <step title="Writing multipart request body to /tmp/zipdeploy/21882b72-03c9-4ea8-aeba-ed2a152b0096.zip" date="2025-07-28T11:26:29.735" /><!-- duration: 2ms -->
    </step><!-- duration: 90ms -->
    <step title="Attempting to fetch target branch HEAD" date="2025-07-28T11:26:29.856" /><!-- duration: 19ms -->
    <step title="Acquiring Deployment Lock" date="2025-07-28T11:26:29.885" /><!-- duration: 10ms -->
    <step title="Acquired Deployment Lock" date="2025-07-28T11:26:29.929" /><!-- duration: 2ms -->
    <step title="Performing fetch based deployment" date="2025-07-28T11:26:29.937" >
      <step title="Creating temporary deployment" date="2025-07-28T11:26:29.944" /><!-- duration: 58ms -->
      <step title="Releasing Deployment Lock" date="2025-07-28T11:26:31.096" /><!-- duration: 12ms -->
      <step title="Cleaning up temp folders from previous zip deployments and extracting pushed zip file /tmp/zipdeploy/21882b72-03c9-4ea8-aeba-ed2a152b0096.zip (0.20 MB) to /tmp/zipdeploy/extracted" date="2025-07-28T11:26:31.135" >
        <step title="ChmodRecursive Process exited with total time taken in ms: 61" date="2025-07-28T11:26:31.257" /><!-- duration: 9ms -->
      </step><!-- duration: 142ms -->
      <step title="None repository commit" date="2025-07-28T11:26:31.280" >
        <step title="Commit id: d4e3e6eb-2a2a-49b6-ac10-494e18ed1084" date="2025-07-28T11:26:31.285" Message="OneDeploy" AuthorName="N/A" AuthorEmail="N/A" /><!-- duration: 2ms -->
      </step><!-- duration: 9ms -->
      <step title="Deployment timer started" date="2025-07-28T11:26:33.295" >
        <step title="DeploymentManager.Deploy(id:d4e3e6eb-2a2a-49b6-ac10-494e18ed1084)" date="2025-07-28T11:26:33.299" >
          <step title="Collecting changeset information" date="2025-07-28T11:26:33.318" /><!-- duration: 72ms -->
          <step title="Updating submodules" date="2025-07-28T11:26:33.394" /><!-- duration: 1118ms -->
          <step title="Determining deployment builder" date="2025-07-28T11:26:34.725" >
            <step title="Builder is OneDeployBuilder" date="2025-07-28T11:26:34.745" /><!-- duration: 2ms -->
          </step><!-- duration: 24ms -->
          <step title="PreDeployment: context.CleanOutputPath False" date="2025-07-28T11:26:34.785" >
            <step title="PreDeployment: context.OutputPath /home/site/wwwroot" date="2025-07-28T11:26:34.886" >
              <step title="Building" date="2025-07-28T11:26:34.989" >
                <step title="Executing external process" date="2025-07-28T11:26:35.377" type="process" path="starter.sh" arguments="/opt/Kudu/Scripts/parallel_rsync.sh /tmp/zipdeploy/extracted /home/site/wwwroot 8 /tmp/ False False  " /><!-- duration: 2987ms -->
                <step title="Modified file to trigger a restart of the app container." date="2025-07-28T11:26:38.773" /><!-- duration: 10ms -->
                <step title="Skip function trigger and logicapp sync because function is not enabled." date="2025-07-28T11:26:38.812" /><!-- duration: 2ms -->
                <step title="Purge deployment items" date="2025-07-28T11:26:39.720" >
                  <step title="Remove 79eb496b-, Success, received at 07/27/2025 22:36:56" date="2025-07-28T11:26:39.758" /><!-- duration: 2ms -->
                </step><!-- duration: 41ms -->
              </step><!-- duration: 4857ms -->
            </step><!-- duration: 4963ms -->
            <step title="Cleaning up temp files" date="2025-07-28T11:26:39.851" /><!-- duration: 11ms -->
            <step title="Cleaning up temp files" date="2025-07-28T11:26:39.874" /><!-- duration: 503ms -->
            <step title="Reloading status file with latest updates" date="2025-07-28T11:26:40.403" >
              <step title="WebHooksManager.PublishEventAsync: PostDeployment" date="2025-07-28T11:26:40.408" /><!-- duration: 33ms -->
            </step><!-- duration: 39ms -->
            <step title="Cleaning up temporary deployment - fetch deployment was successful" date="2025-07-28T11:26:40.446" /><!-- duration: 2ms -->
          </step><!-- duration: 5740ms -->
        </step><!-- duration: 7231ms -->
        <step title="Outgoing response" date="2025-07-28T11:26:40.533" type="response" statusCode="200" statusText="OK" /><!-- duration: 11ms -->
      </step><!-- duration: 7250ms -->
