<step title="Incoming Request" date="2025-07-27T22:25:26.449" instance="f541a8" url="/api/publish?type=zip" method="POST" type="request" pid="821,1,5" Accept="*/*" Host="ks-personal-website-api.scm.azurewebsites.net" User-Agent="AZURECLI/2.75.0 (DEB)" Accept-Encoding="gzip, deflate" Authorization="Bas..." Cache-Control="no-cache" Content-Type="application/octet-stream" Cookie="ARRAffinity=f541a874a03aa9dbd8940f27a6d98bde56b7160334e1e6f986817b427dfbd82d; ARRAffinitySameSite=f541a874a03aa9dbd8940f27a6d98bde56b7160334e1e6f986817b427dfbd82d" Content-Length="50618" x-ms-client-request-id="7f472484-6b38-11f0-a590-141333c3d749" x-ms-artifact-checksum="c74922eb3103ca03ba293d19a07f140620c1d7bb508a56ca91334a78c5a5469f" X-ARR-LOG-ID="7f472484-6b38-11f0-a590-141333c3d749" CLIENT-IP="70.15.64.115:43468" X-SITE-DEPLOYMENT-ID="ks-personal-website-api" WAS-DEFAULT-HOSTNAME="ks-personal-website-api.scm.azurewebsites.net" X-Forwarded-Proto="https" X-AppService-Proto="https" X-Forwarded-TlsVersion="1.3" X-WAWS-Unencoded-URL="/api/publish?type=zip" X-Client-IP="70.15.64.115" X-Client-Port="43468" >
  <step title="OneDeploy" date="2025-07-27T22:25:26.580" >
    <step title="None repository commit" date="2025-07-27T22:25:26.669" >
      <step title="Commit id: 1466dc70-18d7-422d-8138-f1d9272a8283" date="2025-07-27T22:25:26.671" Message="N/A" AuthorName="N/A" AuthorEmail="N/A" /><!-- duration: 2ms -->
    </step><!-- duration: 6ms -->
    <step title="Starting PushDeployAsync" date="2025-07-27T22:25:26.677" /><!-- duration: 2ms -->
    <step title="Writing artifact to /tmp/zipdeploy/a80ab0e3-1fe4-4525-8b0b-39ebb4640b6a.zip" date="2025-07-27T22:25:26.685" >
      <step title="Writing multipart request body to /tmp/zipdeploy/a80ab0e3-1fe4-4525-8b0b-39ebb4640b6a.zip" date="2025-07-27T22:25:26.688" /><!-- duration: 2ms -->
    </step><!-- duration: 35ms -->
    <step title="Attempting to fetch target branch HEAD" date="2025-07-27T22:25:26.727" /><!-- duration: 2ms -->
    <step title="Acquiring Deployment Lock" date="2025-07-27T22:25:26.732" /><!-- duration: 2ms -->
    <step title="Acquired Deployment Lock" date="2025-07-27T22:25:26.768" /><!-- duration: 2ms -->
    <step title="Performing fetch based deployment" date="2025-07-27T22:25:26.776" >
      <step title="Creating temporary deployment" date="2025-07-27T22:25:26.778" /><!-- duration: 45ms -->
      <step title="Releasing Deployment Lock" date="2025-07-27T22:25:27.944" /><!-- duration: 4ms -->
      <step title="Cleaning up temp folders from previous zip deployments and extracting pushed zip file /tmp/zipdeploy/a80ab0e3-1fe4-4525-8b0b-39ebb4640b6a.zip (0.05 MB) to /tmp/zipdeploy/extracted" date="2025-07-27T22:25:27.975" >
        <step title="ChmodRecursive Process exited with total time taken in ms: 49" date="2025-07-27T22:25:28.084" /><!-- duration: 2ms -->
      </step><!-- duration: 116ms -->
      <step title="None repository commit" date="2025-07-27T22:25:28.093" >
        <step title="Commit id: 1466dc70-18d7-422d-8138-f1d9272a8283" date="2025-07-27T22:25:28.095" Message="OneDeploy" AuthorName="N/A" AuthorEmail="N/A" /><!-- duration: 2ms -->
      </step><!-- duration: 5ms -->
      <step title="Deployment timer started" date="2025-07-27T22:25:30.102" >
        <step title="DeploymentManager.Deploy(id:1466dc70-18d7-422d-8138-f1d9272a8283)" date="2025-07-27T22:25:30.109" >
          <step title="Collecting changeset information" date="2025-07-27T22:25:30.127" /><!-- duration: 90ms -->
          <step title="Updating submodules" date="2025-07-27T22:25:30.221" /><!-- duration: 1114ms -->
          <step title="Determining deployment builder" date="2025-07-27T22:25:31.529" >
            <step title="Builder is OneDeployBuilder" date="2025-07-27T22:25:31.559" /><!-- duration: 8ms -->
          </step><!-- duration: 40ms -->
          <step title="PreDeployment: context.CleanOutputPath False" date="2025-07-27T22:25:31.689" >
            <step title="PreDeployment: context.OutputPath /home/site/wwwroot" date="2025-07-27T22:25:31.939" >
              <step title="Building" date="2025-07-27T22:25:32.113" >
                <step title="Executing external process" date="2025-07-27T22:25:32.613" type="process" path="starter.sh" arguments="/opt/Kudu/Scripts/parallel_rsync.sh /tmp/zipdeploy/extracted /home/site/wwwroot 8 /tmp/ False False  " /><!-- duration: 2508ms -->
                <step title="Modified file to trigger a restart of the app container." date="2025-07-27T22:25:35.518" /><!-- duration: 2ms -->
                <step title="Skip function trigger and logicapp sync because function is not enabled." date="2025-07-27T22:25:35.523" /><!-- duration: 4ms -->
              </step><!-- duration: 3988ms -->
            </step><!-- duration: 4165ms -->
            <step title="Cleaning up temp files" date="2025-07-27T22:25:36.107" /><!-- duration: 2ms -->
            <step title="Cleaning up temp files" date="2025-07-27T22:25:36.111" /><!-- duration: 503ms -->
            <step title="Reloading status file with latest updates" date="2025-07-27T22:25:36.648" >
              <step title="WebHooksManager.PublishEventAsync: PostDeployment" date="2025-07-27T22:25:36.654" /><!-- duration: 76ms -->
            </step><!-- duration: 84ms -->
            <step title="Cleaning up temporary deployment - fetch deployment was successful" date="2025-07-27T22:25:36.737" /><!-- duration: 2ms -->
          </step><!-- duration: 5131ms -->
        </step><!-- duration: 6715ms -->
        <step title="Outgoing response" date="2025-07-27T22:25:36.838" type="response" statusCode="200" statusText="OK" /><!-- duration: 2ms -->
      </step><!-- duration: 6739ms -->
