﻿<?xml version="1.0" encoding="utf-8"?>
<deployment>
  <id>d4e3e6eb-2a2a-49b6-ac10-494e18ed1084</id>
  <author>N/A</author>
  <deployer>OneDeploy</deployer>
  <authorEmail>N/A</authorEmail>
  <message>OneDeploy</message>
  <progress></progress>
  <status>Success</status>
  <statusText></statusText>
  <lastSuccessEndTime>2025-07-28T11:26:39.2267197Z</lastSuccessEndTime>
  <receivedTime>2025-07-28T11:26:33.3415495Z</receivedTime>
  <startTime>2025-07-28T11:26:34.6536188Z</startTime>
  <endTime>2025-07-28T11:26:39.2267197Z</endTime>
  <complete>True</complete>
  <is_temp>False</is_temp>
  <is_readonly>True</is_readonly>
  <buildSummary />
</deployment>