﻿<?xml version="1.0" encoding="utf-8"?>
<deployment>
  <id>79bf21f3-f25a-4460-b92c-e0b31e0077d5</id>
  <author>N/A</author>
  <deployer>OneDeploy</deployer>
  <authorEmail>N/A</authorEmail>
  <message>OneDeploy</message>
  <progress></progress>
  <status>Success</status>
  <statusText></statusText>
  <lastSuccessEndTime>2025-07-28T11:16:52.9803787Z</lastSuccessEndTime>
  <receivedTime>2025-07-28T11:16:46.8341385Z</receivedTime>
  <startTime>2025-07-28T11:16:48.1055139Z</startTime>
  <endTime>2025-07-28T11:16:52.9803787Z</endTime>
  <complete>True</complete>
  <is_temp>False</is_temp>
  <is_readonly>True</is_readonly>
  <buildSummary />
</deployment>