﻿<?xml version="1.0" encoding="utf-8"?>
<deployment>
  <id>bade866b-ea50-43b7-aace-2ad69074c14a</id>
  <author>N/A</author>
  <deployer>OneDeploy</deployer>
  <authorEmail>N/A</authorEmail>
  <message>OneDeploy</message>
  <progress></progress>
  <status>Success</status>
  <statusText></statusText>
  <lastSuccessEndTime>2025-07-27T23:18:22.0294364Z</lastSuccessEndTime>
  <receivedTime>2025-07-27T23:18:15.7274889Z</receivedTime>
  <startTime>2025-07-27T23:18:17.0012746Z</startTime>
  <endTime>2025-07-27T23:18:22.0294364Z</endTime>
  <complete>True</complete>
  <is_temp>False</is_temp>
  <is_readonly>True</is_readonly>
  <buildSummary />
</deployment>