﻿<?xml version="1.0" encoding="utf-8"?>
<deployment>
  <id>af150063-2b06-4977-8f16-c68e40f63c6e</id>
  <author>N/A</author>
  <deployer>OneDeploy</deployer>
  <authorEmail>N/A</authorEmail>
  <message>OneDeploy</message>
  <progress></progress>
  <status>Success</status>
  <statusText></statusText>
  <lastSuccessEndTime>2025-07-28T10:43:54.7481056Z</lastSuccessEndTime>
  <receivedTime>2025-07-28T10:43:46.6911468Z</receivedTime>
  <startTime>2025-07-28T10:43:48.108171Z</startTime>
  <endTime>2025-07-28T10:43:54.7481056Z</endTime>
  <complete>True</complete>
  <is_temp>False</is_temp>
  <is_readonly>True</is_readonly>
  <buildSummary />
</deployment>