<step title="Incoming Request" date="2025-07-28T11:21:28.591" instance="f541a8" url="/api/publish?type=zip" method="POST" type="request" pid="820,1,5" Accept="*/*" Host="ks-personal-website-api.scm.azurewebsites.net" User-Agent="AZURECLI/2.75.0 (DEB)" Accept-Encoding="gzip, deflate" Authorization="Bas..." Cache-Control="no-cache" Content-Type="application/octet-stream" Cookie="ARRAffinity=f541a874a03aa9dbd8940f27a6d98bde56b7160334e1e6f986817b427dfbd82d; ARRAffinitySameSite=f541a874a03aa9dbd8940f27a6d98bde56b7160334e1e6f986817b427dfbd82d" Content-Length="209875" x-ms-client-request-id="fbd0b364-6ba4-11f0-a590-141333c3d749" x-ms-artifact-checksum="afb81cf84da7ef20dc31193116ccd58bf493dc51eae8b741950cd548bfd162f6" X-ARR-LOG-ID="fbd0b364-6ba4-11f0-a590-141333c3d749" CLIENT-IP="70.15.64.115:58688" X-SITE-DEPLOYMENT-ID="ks-personal-website-api" WAS-DEFAULT-HOSTNAME="ks-personal-website-api.scm.azurewebsites.net" X-Forwarded-Proto="https" X-AppService-Proto="https" X-Forwarded-TlsVersion="1.3" X-WAWS-Unencoded-URL="/api/publish?type=zip" X-Client-IP="70.15.64.115" X-Client-Port="58688" >
  <step title="OneDeploy" date="2025-07-28T11:21:28.604" >
    <step title="Starting PushDeployAsync" date="2025-07-28T11:21:28.641" /><!-- duration: 2ms -->
    <step title="Writing artifact to /tmp/zipdeploy/89fca44c-d431-4277-908e-1bb5a70c15ee.zip" date="2025-07-28T11:21:28.673" >
      <step title="Writing multipart request body to /tmp/zipdeploy/89fca44c-d431-4277-908e-1bb5a70c15ee.zip" date="2025-07-28T11:21:28.711" /><!-- duration: 3ms -->
    </step><!-- duration: 100ms -->
    <step title="Attempting to fetch target branch HEAD" date="2025-07-28T11:21:28.783" /><!-- duration: 2ms -->
    <step title="Acquiring Deployment Lock" date="2025-07-28T11:21:28.792" /><!-- duration: 2ms -->
    <step title="Acquired Deployment Lock" date="2025-07-28T11:21:28.815" /><!-- duration: 2ms -->
    <step title="Performing fetch based deployment" date="2025-07-28T11:21:28.820" >
      <step title="Creating temporary deployment" date="2025-07-28T11:21:28.823" /><!-- duration: 45ms -->
      <step title="Releasing Deployment Lock" date="2025-07-28T11:21:29.991" /><!-- duration: 3ms -->
      <step title="Cleaning up temp folders from previous zip deployments and extracting pushed zip file /tmp/zipdeploy/89fca44c-d431-4277-908e-1bb5a70c15ee.zip (0.20 MB) to /tmp/zipdeploy/extracted" date="2025-07-28T11:21:30.038" >
        <step title="ChmodRecursive Process exited with total time taken in ms: 40" date="2025-07-28T11:21:30.121" /><!-- duration: 9ms -->
      </step><!-- duration: 93ms -->
      <step title="None repository commit" date="2025-07-28T11:21:30.139" >
        <step title="Commit id: 32bb61a5-21b9-4c1d-9185-27333e78d8fd" date="2025-07-28T11:21:30.148" Message="OneDeploy" AuthorName="N/A" AuthorEmail="N/A" /><!-- duration: 2ms -->
      </step><!-- duration: 12ms -->
      <step title="Deployment timer started" date="2025-07-28T11:21:32.154" >
        <step title="DeploymentManager.Deploy(id:32bb61a5-21b9-4c1d-9185-27333e78d8fd)" date="2025-07-28T11:21:32.158" >
          <step title="Collecting changeset information" date="2025-07-28T11:21:32.181" /><!-- duration: 86ms -->
          <step title="Updating submodules" date="2025-07-28T11:21:32.271" /><!-- duration: 1113ms -->
          <step title="Determining deployment builder" date="2025-07-28T11:21:33.633" >
            <step title="Builder is OneDeployBuilder" date="2025-07-28T11:21:33.643" /><!-- duration: 2ms -->
          </step><!-- duration: 14ms -->
          <step title="PreDeployment: context.CleanOutputPath False" date="2025-07-28T11:21:33.676" >
            <step title="PreDeployment: context.OutputPath /home/site/wwwroot" date="2025-07-28T11:21:33.763" >
              <step title="Building" date="2025-07-28T11:21:33.866" >
                <step title="Executing external process" date="2025-07-28T11:21:34.222" type="process" path="starter.sh" arguments="/opt/Kudu/Scripts/parallel_rsync.sh /tmp/zipdeploy/extracted /home/site/wwwroot 8 /tmp/ False False  " /><!-- duration: 3126ms -->
                <step title="Modified file to trigger a restart of the app container." date="2025-07-28T11:21:37.767" /><!-- duration: 2ms -->
                <step title="Skip function trigger and logicapp sync because function is not enabled." date="2025-07-28T11:21:37.789" /><!-- duration: 9ms -->
                <step title="Purge deployment items" date="2025-07-28T11:21:38.695" >
                  <step title="Remove 1466dc70-, Success, received at 07/27/2025 22:25:30" date="2025-07-28T11:21:38.743" /><!-- duration: 2ms -->
                </step><!-- duration: 51ms -->
              </step><!-- duration: 4947ms -->
            </step><!-- duration: 5053ms -->
            <step title="Cleaning up temp files" date="2025-07-28T11:21:38.817" /><!-- duration: 2ms -->
            <step title="Cleaning up temp files" date="2025-07-28T11:21:38.825" /><!-- duration: 503ms -->
            <step title="Reloading status file with latest updates" date="2025-07-28T11:21:39.366" >
              <step title="WebHooksManager.PublishEventAsync: PostDeployment" date="2025-07-28T11:21:39.375" /><!-- duration: 28ms -->
            </step><!-- duration: 39ms -->
            <step title="Cleaning up temporary deployment - fetch deployment was successful" date="2025-07-28T11:21:39.409" /><!-- duration: 1ms -->
          </step><!-- duration: 5802ms -->
        </step><!-- duration: 7325ms -->
        <step title="Outgoing response" date="2025-07-28T11:21:39.488" type="response" statusCode="200" statusText="OK" /><!-- duration: 2ms -->
      </step><!-- duration: 7338ms -->
