<step title="Incoming Request" date="2025-07-28T11:16:43.169" instance="f541a8" url="/api/publish?type=zip" method="POST" type="request" pid="820,1,5" Accept="*/*" Host="ks-personal-website-api.scm.azurewebsites.net" User-Agent="AZURECLI/2.75.0 (DEB)" Accept-Encoding="gzip, deflate" Authorization="Bas..." Cache-Control="no-cache" Content-Type="application/octet-stream" Cookie="ARRAffinity=f541a874a03aa9dbd8940f27a6d98bde56b7160334e1e6f986817b427dfbd82d; ARRAffinitySameSite=f541a874a03aa9dbd8940f27a6d98bde56b7160334e1e6f986817b427dfbd82d" Content-Length="209846" x-ms-client-request-id="52521968-6ba4-11f0-a590-141333c3d749" x-ms-artifact-checksum="71fa876f4adec9ea6826999b49a924392bbae60c2e304e360cb2cc43e3fb4684" X-ARR-LOG-ID="52521968-6ba4-11f0-a590-141333c3d749" CLIENT-IP="70.15.64.115:51906" X-SITE-DEPLOYMENT-ID="ks-personal-website-api" WAS-DEFAULT-HOSTNAME="ks-personal-website-api.scm.azurewebsites.net" X-Forwarded-Proto="https" X-AppService-Proto="https" X-Forwarded-TlsVersion="1.3" X-WAWS-Unencoded-URL="/api/publish?type=zip" X-Client-IP="70.15.64.115" X-Client-Port="51906" >
  <step title="OneDeploy" date="2025-07-28T11:16:43.181" >
    <step title="Starting PushDeployAsync" date="2025-07-28T11:16:43.193" /><!-- duration: 2ms -->
    <step title="Writing artifact to /tmp/zipdeploy/f1fd5cc9-024b-408e-b61d-df200bd655d9.zip" date="2025-07-28T11:16:43.225" >
      <step title="Writing multipart request body to /tmp/zipdeploy/f1fd5cc9-024b-408e-b61d-df200bd655d9.zip" date="2025-07-28T11:16:43.228" /><!-- duration: 6ms -->
    </step><!-- duration: 108ms -->
    <step title="Attempting to fetch target branch HEAD" date="2025-07-28T11:16:43.338" /><!-- duration: 2ms -->
    <step title="Acquiring Deployment Lock" date="2025-07-28T11:16:43.342" /><!-- duration: 3ms -->
    <step title="Acquired Deployment Lock" date="2025-07-28T11:16:43.375" /><!-- duration: 2ms -->
    <step title="Performing fetch based deployment" date="2025-07-28T11:16:43.382" >
      <step title="Creating temporary deployment" date="2025-07-28T11:16:43.383" /><!-- duration: 43ms -->
      <step title="Releasing Deployment Lock" date="2025-07-28T11:16:44.547" /><!-- duration: 2ms -->
      <step title="Cleaning up temp folders from previous zip deployments and extracting pushed zip file /tmp/zipdeploy/f1fd5cc9-024b-408e-b61d-df200bd655d9.zip (0.20 MB) to /tmp/zipdeploy/extracted" date="2025-07-28T11:16:44.586" >
        <step title="ChmodRecursive Process exited with total time taken in ms: 46" date="2025-07-28T11:16:44.706" /><!-- duration: 3ms -->
      </step><!-- duration: 125ms -->
      <step title="None repository commit" date="2025-07-28T11:16:44.716" >
        <step title="Commit id: 79bf21f3-f25a-4460-b92c-e0b31e0077d5" date="2025-07-28T11:16:44.718" Message="OneDeploy" AuthorName="N/A" AuthorEmail="N/A" /><!-- duration: 8ms -->
      </step><!-- duration: 12ms -->
      <step title="Deployment timer started" date="2025-07-28T11:16:46.731" >
        <step title="DeploymentManager.Deploy(id:79bf21f3-f25a-4460-b92c-e0b31e0077d5)" date="2025-07-28T11:16:46.741" >
          <step title="Collecting changeset information" date="2025-07-28T11:16:46.763" /><!-- duration: 117ms -->
          <step title="Updating submodules" date="2025-07-28T11:16:46.883" /><!-- duration: 1104ms -->
          <step title="Determining deployment builder" date="2025-07-28T11:16:48.154" >
            <step title="Builder is OneDeployBuilder" date="2025-07-28T11:16:48.169" /><!-- duration: 2ms -->
          </step><!-- duration: 19ms -->
          <step title="PreDeployment: context.CleanOutputPath False" date="2025-07-28T11:16:48.219" >
            <step title="PreDeployment: context.OutputPath /home/site/wwwroot" date="2025-07-28T11:16:48.308" >
              <step title="Building" date="2025-07-28T11:16:48.411" >
                <step title="Executing external process" date="2025-07-28T11:16:48.763" type="process" path="starter.sh" arguments="/opt/Kudu/Scripts/parallel_rsync.sh /tmp/zipdeploy/extracted /home/site/wwwroot 8 /tmp/ False False  " /><!-- duration: 3496ms -->
                <step title="Modified file to trigger a restart of the app container." date="2025-07-28T11:16:52.637" /><!-- duration: 2ms -->
                <step title="Skip function trigger and logicapp sync because function is not enabled." date="2025-07-28T11:16:52.644" /><!-- duration: 9ms -->
                <step title="Purge deployment items" date="2025-07-28T11:16:53.504" >
                  <step title="Remove 7c378768-, Success, received at 07/27/2025 21:53:45" date="2025-07-28T11:16:53.542" /><!-- duration: 2ms -->
                </step><!-- duration: 41ms -->
              </step><!-- duration: 5203ms -->
            </step><!-- duration: 5308ms -->
            <step title="Cleaning up temp files" date="2025-07-28T11:16:53.618" /><!-- duration: 12ms -->
            <step title="Cleaning up temp files" date="2025-07-28T11:16:53.635" /><!-- duration: 507ms -->
            <step title="Reloading status file with latest updates" date="2025-07-28T11:16:54.176" >
              <step title="WebHooksManager.PublishEventAsync: PostDeployment" date="2025-07-28T11:16:54.179" /><!-- duration: 39ms -->
            </step><!-- duration: 43ms -->
            <step title="Cleaning up temporary deployment - fetch deployment was successful" date="2025-07-28T11:16:54.222" /><!-- duration: 2ms -->
          </step><!-- duration: 6073ms -->
        </step><!-- duration: 7555ms -->
        <step title="Outgoing response" date="2025-07-28T11:16:54.297" type="response" statusCode="200" statusText="OK" /><!-- duration: 2ms -->
      </step><!-- duration: 7570ms -->
