<step title="Incoming Request" date="2025-07-27T23:07:44.905" instance="f541a8" url="/api/publish?type=zip" method="POST" type="request" pid="820,1,16" Accept="*/*" Host="ks-personal-website-api.scm.azurewebsites.net" User-Agent="AZURECLI/2.75.0 (DEB)" Accept-Encoding="gzip, deflate" Authorization="Bas..." Cache-Control="no-cache" Content-Type="application/octet-stream" Cookie="ARRAffinity=f541a874a03aa9dbd8940f27a6d98bde56b7160334e1e6f986817b427dfbd82d; ARRAffinitySameSite=f541a874a03aa9dbd8940f27a6d98bde56b7160334e1e6f986817b427dfbd82d" Content-Length="50600" x-ms-client-request-id="7b7cf31e-6b3e-11f0-a590-141333c3d749" x-ms-artifact-checksum="6c2dd53423c0e2570fba5c49a57c9efe5f28fc486d48079523f28020db1e72c8" X-ARR-LOG-ID="7b7cf31e-6b3e-11f0-a590-141333c3d749" CLIENT-IP="70.15.64.115:56090" X-SITE-DEPLOYMENT-ID="ks-personal-website-api" WAS-DEFAULT-HOSTNAME="ks-personal-website-api.scm.azurewebsites.net" X-Forwarded-Proto="https" X-AppService-Proto="https" X-Forwarded-TlsVersion="1.3" X-WAWS-Unencoded-URL="/api/publish?type=zip" X-Client-IP="70.15.64.115" X-Client-Port="56090" >
  <step title="OneDeploy" date="2025-07-27T23:07:45.022" >
    <step title="None repository commit" date="2025-07-27T23:07:45.037" >
      <step title="Commit id: 68bcdb73-0735-46d8-9131-307fe696be49" date="2025-07-27T23:07:45.038" Message="N/A" AuthorName="N/A" AuthorEmail="N/A" /><!-- duration: 2ms -->
    </step><!-- duration: 6ms -->
    <step title="Starting PushDeployAsync" date="2025-07-27T23:07:45.044" /><!-- duration: 2ms -->
    <step title="Writing artifact to /tmp/zipdeploy/88591f67-8170-42b6-8a3a-d78496182b2e.zip" date="2025-07-27T23:07:45.055" >
      <step title="Writing multipart request body to /tmp/zipdeploy/88591f67-8170-42b6-8a3a-d78496182b2e.zip" date="2025-07-27T23:07:45.071" /><!-- duration: 2ms -->
    </step><!-- duration: 98ms -->
    <step title="Attempting to fetch target branch HEAD" date="2025-07-27T23:07:45.173" /><!-- duration: 10ms -->
    <step title="Acquiring Deployment Lock" date="2025-07-27T23:07:45.191" /><!-- duration: 3ms -->
    <step title="Acquired Deployment Lock" date="2025-07-27T23:07:45.241" /><!-- duration: 4ms -->
    <step title="Performing fetch based deployment" date="2025-07-27T23:07:45.256" >
      <step title="Creating temporary deployment" date="2025-07-27T23:07:45.259" /><!-- duration: 58ms -->
      <step title="Releasing Deployment Lock" date="2025-07-27T23:07:46.434" /><!-- duration: 9ms -->
      <step title="Cleaning up temp folders from previous zip deployments and extracting pushed zip file /tmp/zipdeploy/88591f67-8170-42b6-8a3a-d78496182b2e.zip (0.05 MB) to /tmp/zipdeploy/extracted" date="2025-07-27T23:07:46.463" >
        <step title="ChmodRecursive Process exited with total time taken in ms: 122" date="2025-07-27T23:07:46.677" /><!-- duration: 9ms -->
      </step><!-- duration: 252ms -->
      <step title="None repository commit" date="2025-07-27T23:07:46.718" >
        <step title="Commit id: 68bcdb73-0735-46d8-9131-307fe696be49" date="2025-07-27T23:07:46.735" Message="OneDeploy" AuthorName="N/A" AuthorEmail="N/A" /><!-- duration: 2ms -->
      </step><!-- duration: 28ms -->
      <step title="Deployment timer started" date="2025-07-27T23:07:48.751" >
        <step title="DeploymentManager.Deploy(id:68bcdb73-0735-46d8-9131-307fe696be49)" date="2025-07-27T23:07:48.763" >
          <step title="Collecting changeset information" date="2025-07-27T23:07:48.780" /><!-- duration: 106ms -->
          <step title="Updating submodules" date="2025-07-27T23:07:48.890" /><!-- duration: 1143ms -->
          <step title="Determining deployment builder" date="2025-07-27T23:07:50.244" >
            <step title="Builder is OneDeployBuilder" date="2025-07-27T23:07:50.254" /><!-- duration: 5ms -->
          </step><!-- duration: 18ms -->
          <step title="PreDeployment: context.CleanOutputPath False" date="2025-07-27T23:07:50.300" >
            <step title="PreDeployment: context.OutputPath /home/site/wwwroot" date="2025-07-27T23:07:50.384" >
              <step title="Building" date="2025-07-27T23:07:50.487" >
                <step title="Executing external process" date="2025-07-27T23:07:50.875" type="process" path="starter.sh" arguments="/opt/Kudu/Scripts/parallel_rsync.sh /tmp/zipdeploy/extracted /home/site/wwwroot 8 /tmp/ False False  " /><!-- duration: 3926ms -->
                <step title="Modified file to trigger a restart of the app container." date="2025-07-27T23:07:55.163" /><!-- duration: 2ms -->
                <step title="Skip function trigger and logicapp sync because function is not enabled." date="2025-07-27T23:07:55.167" /><!-- duration: 2ms -->
              </step><!-- duration: 5463ms -->
            </step><!-- duration: 5571ms -->
            <step title="Cleaning up temp files" date="2025-07-27T23:07:55.956" /><!-- duration: 10ms -->
            <step title="Cleaning up temp files" date="2025-07-27T23:07:55.968" /><!-- duration: 504ms -->
            <step title="Reloading status file with latest updates" date="2025-07-27T23:07:56.499" >
              <step title="WebHooksManager.PublishEventAsync: PostDeployment" date="2025-07-27T23:07:56.505" /><!-- duration: 81ms -->
            </step><!-- duration: 89ms -->
            <step title="Cleaning up temporary deployment - fetch deployment was successful" date="2025-07-27T23:07:56.591" /><!-- duration: 2ms -->
          </step><!-- duration: 6360ms -->
        </step><!-- duration: 7902ms -->
        <step title="Outgoing response" date="2025-07-27T23:07:56.680" type="response" statusCode="200" statusText="OK" /><!-- duration: 2ms -->
      </step><!-- duration: 7932ms -->
