﻿<?xml version="1.0" encoding="utf-8"?>
<deployment>
  <id>df98cc08-f534-4e6a-8a54-3d7b941bd4ed</id>
  <author>N/A</author>
  <deployer>OneDeploy</deployer>
  <authorEmail>N/A</authorEmail>
  <message>OneDeploy</message>
  <progress></progress>
  <status>Success</status>
  <statusText></statusText>
  <lastSuccessEndTime>2025-07-27T23:39:54.4214946Z</lastSuccessEndTime>
  <receivedTime>2025-07-27T23:39:48.4492915Z</receivedTime>
  <startTime>2025-07-27T23:39:49.7628534Z</startTime>
  <endTime>2025-07-27T23:39:54.4214946Z</endTime>
  <complete>True</complete>
  <is_temp>False</is_temp>
  <is_readonly>True</is_readonly>
  <buildSummary />
</deployment>