<step title="Incoming Request" date="2025-07-27T23:39:44.864" instance="f541a8" url="/api/publish?type=zip" method="POST" type="request" pid="820,1,16" Accept="*/*" Host="ks-personal-website-api.scm.azurewebsites.net" User-Agent="AZURECLI/2.75.0 (DEB)" Accept-Encoding="gzip, deflate" Authorization="Bas..." Cache-Control="no-cache" Content-Type="application/octet-stream" Cookie="ARRAffinity=f541a874a03aa9dbd8940f27a6d98bde56b7160334e1e6f986817b427dfbd82d; ARRAffinitySameSite=f541a874a03aa9dbd8940f27a6d98bde56b7160334e1e6f986817b427dfbd82d" Content-Length="52190" x-ms-client-request-id="f4c05550-6b42-11f0-a590-141333c3d749" x-ms-artifact-checksum="a7a344caf4fc2e38239313ada8b997d5aa0588a815d36113948c4d0ad79c2bf8" X-ARR-LOG-ID="f4c05550-6b42-11f0-a590-141333c3d749" CLIENT-IP="70.15.64.115:52886" X-SITE-DEPLOYMENT-ID="ks-personal-website-api" WAS-DEFAULT-HOSTNAME="ks-personal-website-api.scm.azurewebsites.net" X-Forwarded-Proto="https" X-AppService-Proto="https" X-Forwarded-TlsVersion="1.3" X-WAWS-Unencoded-URL="/api/publish?type=zip" X-Client-IP="70.15.64.115" X-Client-Port="52886" >
  <step title="OneDeploy" date="2025-07-27T23:39:44.881" >
    <step title="Starting PushDeployAsync" date="2025-07-27T23:39:44.886" /><!-- duration: 1ms -->
    <step title="Writing artifact to /tmp/zipdeploy/aecfcf37-d609-4b90-9d42-2295d4086a1d.zip" date="2025-07-27T23:39:44.897" >
      <step title="Writing multipart request body to /tmp/zipdeploy/aecfcf37-d609-4b90-9d42-2295d4086a1d.zip" date="2025-07-27T23:39:44.899" /><!-- duration: 2ms -->
    </step><!-- duration: 113ms -->
    <step title="Attempting to fetch target branch HEAD" date="2025-07-27T23:39:45.016" /><!-- duration: 3ms -->
    <step title="Acquiring Deployment Lock" date="2025-07-27T23:39:45.031" /><!-- duration: 2ms -->
    <step title="Acquired Deployment Lock" date="2025-07-27T23:39:45.066" /><!-- duration: 2ms -->
    <step title="Performing fetch based deployment" date="2025-07-27T23:39:45.073" >
      <step title="Creating temporary deployment" date="2025-07-27T23:39:45.081" /><!-- duration: 41ms -->
      <step title="Releasing Deployment Lock" date="2025-07-27T23:39:46.220" /><!-- duration: 2ms -->
      <step title="Cleaning up temp folders from previous zip deployments and extracting pushed zip file /tmp/zipdeploy/aecfcf37-d609-4b90-9d42-2295d4086a1d.zip (0.05 MB) to /tmp/zipdeploy/extracted" date="2025-07-27T23:39:46.257" >
        <step title="ChmodRecursive Process exited with total time taken in ms: 30" date="2025-07-27T23:39:46.349" /><!-- duration: 14ms -->
      </step><!-- duration: 108ms -->
      <step title="None repository commit" date="2025-07-27T23:39:46.369" >
        <step title="Commit id: df98cc08-f534-4e6a-8a54-3d7b941bd4ed" date="2025-07-27T23:39:46.378" Message="OneDeploy" AuthorName="N/A" AuthorEmail="N/A" /><!-- duration: 2ms -->
      </step><!-- duration: 12ms -->
      <step title="Deployment timer started" date="2025-07-27T23:39:48.385" >
        <step title="DeploymentManager.Deploy(id:df98cc08-f534-4e6a-8a54-3d7b941bd4ed)" date="2025-07-27T23:39:48.404" >
          <step title="Collecting changeset information" date="2025-07-27T23:39:48.425" /><!-- duration: 84ms -->
          <step title="Updating submodules" date="2025-07-27T23:39:48.513" /><!-- duration: 1106ms -->
          <step title="Determining deployment builder" date="2025-07-27T23:39:49.839" >
            <step title="Builder is OneDeployBuilder" date="2025-07-27T23:39:49.852" /><!-- duration: 2ms -->
          </step><!-- duration: 17ms -->
          <step title="PreDeployment: context.CleanOutputPath False" date="2025-07-27T23:39:49.890" >
            <step title="PreDeployment: context.OutputPath /home/site/wwwroot" date="2025-07-27T23:39:50.038" >
              <step title="Building" date="2025-07-27T23:39:50.152" >
                <step title="Executing external process" date="2025-07-27T23:39:50.637" type="process" path="starter.sh" arguments="/opt/Kudu/Scripts/parallel_rsync.sh /tmp/zipdeploy/extracted /home/site/wwwroot 8 /tmp/ False False  " /><!-- duration: 3034ms -->
                <step title="Modified file to trigger a restart of the app container." date="2025-07-27T23:39:54.037" /><!-- duration: 2ms -->
                <step title="Skip function trigger and logicapp sync because function is not enabled." date="2025-07-27T23:39:54.044" /><!-- duration: 2ms -->
              </step><!-- duration: 4706ms -->
            </step><!-- duration: 4824ms -->
            <step title="Cleaning up temp files" date="2025-07-27T23:39:54.864" /><!-- duration: 12ms -->
            <step title="Cleaning up temp files" date="2025-07-27T23:39:54.878" /><!-- duration: 511ms -->
            <step title="Reloading status file with latest updates" date="2025-07-27T23:39:55.424" >
              <step title="WebHooksManager.PublishEventAsync: PostDeployment" date="2025-07-27T23:39:55.427" /><!-- duration: 27ms -->
            </step><!-- duration: 31ms -->
            <step title="Cleaning up temporary deployment - fetch deployment was successful" date="2025-07-27T23:39:55.461" /><!-- duration: 2ms -->
          </step><!-- duration: 5700ms -->
        </step><!-- duration: 7200ms -->
        <step title="Outgoing response" date="2025-07-27T23:39:55.609" type="response" statusCode="200" statusText="OK" /><!-- duration: 2ms -->
      </step><!-- duration: 7233ms -->
