<step title="Incoming Request" date="2025-07-27T21:53:40.334" instance="f541a8" url="/api/publish?type=zip" method="POST" type="request" pid="822,1,5" Accept="*/*" Host="ks-personal-website-api.scm.azurewebsites.net" User-Agent="AZURECLI/2.75.0 (DEB)" Accept-Encoding="gzip, deflate" Authorization="Bas..." Cache-Control="no-cache" Content-Type="application/octet-stream" Content-Length="50618" x-ms-client-request-id="9a6d1818-6b33-11f0-a590-141333c3d749" x-ms-artifact-checksum="c74922eb3103ca03ba293d19a07f140620c1d7bb508a56ca91334a78c5a5469f" X-ARR-LOG-ID="9a6d1818-6b33-11f0-a590-141333c3d749" CLIENT-IP="70.15.64.115:46100" X-SITE-DEPLOYMENT-ID="ks-personal-website-api" WAS-DEFAULT-HOSTNAME="ks-personal-website-api.scm.azurewebsites.net" X-Forwarded-Proto="https" X-AppService-Proto="https" X-Forwarded-TlsVersion="1.3" X-WAWS-Unencoded-URL="/api/publish?type=zip" X-Client-IP="70.15.64.115" X-Client-Port="46100" >
  <step title="OneDeploy" date="2025-07-27T21:53:40.900" >
    <step title="None repository commit" date="2025-07-27T21:53:40.911" >
      <step title="Commit id: 7c378768-a5eb-4b39-9971-1b1df4c72eff" date="2025-07-27T21:53:40.914" Message="N/A" AuthorName="N/A" AuthorEmail="N/A" /><!-- duration: 2ms -->
    </step><!-- duration: 6ms -->
    <step title="Starting PushDeployAsync" date="2025-07-27T21:53:40.920" /><!-- duration: 2ms -->
    <step title="Writing artifact to /tmp/zipdeploy/9a79b128-322c-4194-9517-4233a9076f6e.zip" date="2025-07-27T21:53:40.929" >
      <step title="Writing multipart request body to /tmp/zipdeploy/9a79b128-322c-4194-9517-4233a9076f6e.zip" date="2025-07-27T21:53:40.937" /><!-- duration: 2ms -->
    </step><!-- duration: 71ms -->
    <step title="Attempting to fetch target branch HEAD" date="2025-07-27T21:53:41.007" /><!-- duration: 2ms -->
    <step title="Acquiring Deployment Lock" date="2025-07-27T21:53:41.012" /><!-- duration: 2ms -->
    <step title="Acquired Deployment Lock" date="2025-07-27T21:53:41.056" /><!-- duration: 2ms -->
    <step title="Performing fetch based deployment" date="2025-07-27T21:53:41.066" >
      <step title="Creating temporary deployment" date="2025-07-27T21:53:41.068" /><!-- duration: 54ms -->
      <step title="Releasing Deployment Lock" date="2025-07-27T21:53:42.436" /><!-- duration: 32ms -->
      <step title="Cleaning up temp folders from previous zip deployments and extracting pushed zip file /tmp/zipdeploy/9a79b128-322c-4194-9517-4233a9076f6e.zip (0.05 MB) to /tmp/zipdeploy/extracted" date="2025-07-27T21:53:42.596" >
        <step title="ChmodRecursive Process exited with total time taken in ms: 91" date="2025-07-27T21:53:43.000" /><!-- duration: 9ms -->
      </step><!-- duration: 423ms -->
      <step title="None repository commit" date="2025-07-27T21:53:43.021" >
        <step title="Commit id: 7c378768-a5eb-4b39-9971-1b1df4c72eff" date="2025-07-27T21:53:43.029" Message="OneDeploy" AuthorName="N/A" AuthorEmail="N/A" /><!-- duration: 21ms -->
      </step><!-- duration: 38ms -->
      <step title="Deployment timer started" date="2025-07-27T21:53:45.081" >
        <step title="DeploymentManager.Deploy(id:7c378768-a5eb-4b39-9971-1b1df4c72eff)" date="2025-07-27T21:53:45.110" >
          <step title="Collecting changeset information" date="2025-07-27T21:53:45.132" /><!-- duration: 138ms -->
          <step title="Updating submodules" date="2025-07-27T21:53:45.291" /><!-- duration: 1257ms -->
          <step title="Determining deployment builder" date="2025-07-27T21:53:46.952" >
            <step title="Builder is OneDeployBuilder" date="2025-07-27T21:53:46.993" /><!-- duration: 9ms -->
          </step><!-- duration: 60ms -->
          <step title="PreDeployment: context.CleanOutputPath False" date="2025-07-27T21:53:47.092" >
            <step title="PreDeployment: context.OutputPath /home/site/wwwroot" date="2025-07-27T21:53:47.226" >
              <step title="Building" date="2025-07-27T21:53:47.407" >
                <step title="Executing external process" date="2025-07-27T21:53:47.986" type="process" path="starter.sh" arguments="/opt/Kudu/Scripts/parallel_rsync.sh /tmp/zipdeploy/extracted /home/site/wwwroot 8 /tmp/ False False  " /><!-- duration: 4795ms -->
                <step title="Modified file to trigger a restart of the app container." date="2025-07-27T21:53:53.390" /><!-- duration: 2ms -->
                <step title="Skip function trigger and logicapp sync because function is not enabled." date="2025-07-27T21:53:53.396" /><!-- duration: 4ms -->
              </step><!-- duration: 6522ms -->
            </step><!-- duration: 6710ms -->
            <step title="Cleaning up temp files" date="2025-07-27T21:53:53.938" /><!-- duration: 3ms -->
            <step title="Cleaning up temp files" date="2025-07-27T21:53:53.943" /><!-- duration: 503ms -->
            <step title="Reloading status file with latest updates" date="2025-07-27T21:53:54.474" >
              <step title="WebHooksManager.PublishEventAsync: PostDeployment" date="2025-07-27T21:53:54.476" /><!-- duration: 84ms -->
            </step><!-- duration: 89ms -->
            <step title="Cleaning up temporary deployment - fetch deployment was successful" date="2025-07-27T21:53:54.567" /><!-- duration: 2ms -->
          </step><!-- duration: 7543ms -->
        </step><!-- duration: 9529ms -->
        <step title="Outgoing response" date="2025-07-27T21:53:54.652" type="response" statusCode="200" statusText="OK" /><!-- duration: 2ms -->
      </step><!-- duration: 9575ms -->
