﻿<?xml version="1.0" encoding="utf-8"?>
<deployment>
  <id>68bcdb73-0735-46d8-9131-307fe696be49</id>
  <author>N/A</author>
  <deployer>OneDeploy</deployer>
  <authorEmail>N/A</authorEmail>
  <message>OneDeploy</message>
  <progress></progress>
  <status>Success</status>
  <statusText></statusText>
  <lastSuccessEndTime>2025-07-27T23:07:55.5183482Z</lastSuccessEndTime>
  <receivedTime>2025-07-27T23:07:48.8309733Z</receivedTime>
  <startTime>2025-07-27T23:07:50.1989749Z</startTime>
  <endTime>2025-07-27T23:07:55.5183482Z</endTime>
  <complete>True</complete>
  <is_temp>False</is_temp>
  <is_readonly>True</is_readonly>
  <buildSummary />
</deployment>