﻿<?xml version="1.0" encoding="utf-8"?>
<deployment>
  <id>1466dc70-18d7-422d-8138-f1d9272a8283</id>
  <author>N/A</author>
  <deployer>OneDeploy</deployer>
  <authorEmail>N/A</authorEmail>
  <message>OneDeploy</message>
  <progress></progress>
  <status>Success</status>
  <statusText></statusText>
  <lastSuccessEndTime>2025-07-27T22:25:35.8464464Z</lastSuccessEndTime>
  <receivedTime>2025-07-27T22:25:30.1705655Z</receivedTime>
  <startTime>2025-07-27T22:25:31.4653738Z</startTime>
  <endTime>2025-07-27T22:25:35.8464464Z</endTime>
  <complete>True</complete>
  <is_temp>False</is_temp>
  <is_readonly>True</is_readonly>
  <buildSummary />
</deployment>