{
  "name": "personal-website-backend",
  "version": "1.0.0",
  "description": "Personal Website Backend API",
  "main": "dist/server.js",
  "scripts": {
    "build": "tsc",
    "start": "node dist/server.js",
    "postinstall": "npm run build"
  },
  "engines": {
    "node": ">=18.0.0"
  },
  "dependencies": {
    "express": "^5.1.0",
    "cors": "^2.8.5",
    "helmet": "^8.1.0",
    "morgan": "^1.10.0",
    "dotenv": "^17.2.0",
    "mongoose": "^8.16.3",
    "express-rate-limit": "^7.5.1",
    "express-validator": "^7.2.1"
  },
  "devDependencies": {
    "typescript": "^5.8.3",
    "@types/node": "^24.0.13",
    "@types/express": "^5.0.3",
    "@types/cors": "^2.8.19",
    "@types/morgan": "^1.9.10"
  },
  "keywords": [
    "personal-website",
    "api",
    "nodejs",
    "express",
    "mongodb",
    "typescript"
  ],
  "author": "Karl Sorochinski",
  "license": "MIT"
} 