﻿<?xml version="1.0" encoding="utf-8"?>
<deployment>
  <id>253ca3f1-be81-4bf4-bead-0eb6d3ea18c9</id>
  <author>N/A</author>
  <deployer>Push-Deployer</deployer>
  <authorEmail>N/A</authorEmail>
  <message>Created via a push deployment</message>
  <progress></progress>
  <status>Success</status>
  <statusText></statusText>
  <lastSuccessEndTime>2025-07-28T11:38:14.9067932Z</lastSuccessEndTime>
  <receivedTime>2025-07-28T11:38:06.9598074Z</receivedTime>
  <startTime>2025-07-28T11:38:08.2655301Z</startTime>
  <endTime>2025-07-28T11:38:14.9067932Z</endTime>
  <complete>True</complete>
  <is_temp>False</is_temp>
  <is_readonly>True</is_readonly>
  <buildSummary />
</deployment>